2005/1/4	4.661
2005/1/5	4.558
2005/1/6	4.566
2005/1/7	4.541
2005/1/10	4.691
2005/1/11	4.686
2005/1/12	4.711
2005/1/13	4.628
2005/1/14	4.568
2005/1/17	4.722
2005/1/18	4.741
2005/1/19	4.747
2005/1/20	4.712
2005/1/21	4.722
2005/1/24	4.687
2005/1/25	4.695
2005/1/26	4.717
2005/1/27	4.714
2005/1/28	4.695
2005/1/31	4.647
2005/2/1	4.728
2005/2/2	4.72
2005/2/3	4.669
2005/2/4	4.689
2005/2/5	4.689
2005/2/6	4.697
2005/2/7	4.693
2005/2/8	4.725
2005/2/16	4.681
2005/2/17	4.683
2005/2/18	4.723
2005/2/21	4.692
2005/2/22	4.68
2005/2/23	4.649
2005/2/24	4.668
2005/2/25	4.687
2005/2/28	4.672
2005/3/1	4.704
2005/3/2	4.701
2005/3/3	4.655
2005/3/4	4.614
2005/3/7	4.655
2005/3/8	4.608
2005/3/9	4.61
2005/3/10	4.576
2005/3/11	4.588
2005/3/14	4.575
2005/3/15	4.563
2005/3/16	4.492
2005/3/17	4.51
2005/3/18	4.447
2005/3/21	4.441
2005/3/22	4.383
2005/3/23	4.386
2005/3/24	4.367
2005/3/25	4.375
2005/3/28	4.354
2005/3/29	4.354
2005/3/30	4.469
2005/3/31	4.411
2005/4/1	4.466
2005/4/4	4.447
2005/4/5	4.479
2005/4/6	4.446
2005/4/7	4.466
2005/4/8	4.414
2005/4/11	4.418
2005/4/12	4.308
2005/4/13	4.358
2005/4/14	4.394
2005/4/15	4.271
2005/4/18	4.334
2005/4/19	4.323
2005/4/20	4.291
2005/4/21	4.295
2005/4/22	4.287
2005/4/25	4.291
2005/4/26	4.274
2005/4/27	4.265
2005/4/28	4.267
2005/4/29	4.27
2005/4/30	4.357
2005/5/8	4.27
2005/5/9	4.269
2005/5/10	4.276
2005/5/11	4.278
2005/5/12	4.258
2005/5/13	4.251
2005/5/16	4.14
2005/5/17	4.206
2005/5/18	4.243
2005/5/19	4.15
2005/5/20	4.162
2005/5/23	4.054
2005/5/24	4.053
2005/5/25	4.192
2005/5/26	4.088
2005/5/27	4.05
2005/5/30	4.078
2005/5/31	4.133
2005/6/1	4.15
2005/6/2	4.152
2005/6/3	4.135
2005/6/6	4.098
2005/6/7	4.075
2005/6/8	4.087
2005/6/9	4.143
2005/6/10	4.084
2005/6/13	4.091
2005/6/14	4.027
2005/6/15	3.997
2005/6/16	3.883
2005/6/17	3.876
2005/6/20	3.934
2005/6/21	3.858
2005/6/22	3.887
2005/6/23	3.875
2005/6/24	3.842
2005/6/27	3.825
2005/6/28	3.863
2005/6/29	3.846
2005/6/30	3.874
2005/7/1	3.874
2005/7/4	3.85
2005/7/5	3.858
2005/7/6	3.797
2005/7/7	3.81
2005/7/8	3.848
2005/7/11	3.901
2005/7/12	3.765
2005/7/13	3.698
2005/7/14	3.772
2005/7/15	3.722
2005/7/18	3.743
2005/7/19	3.642
2005/7/20	3.735
2005/7/21	3.745
2005/7/22	3.753
2005/7/25	3.773
2005/7/26	3.784
2005/7/27	3.598
2005/7/28	3.654
2005/7/29	3.548
2005/8/1	3.484
2005/8/2	3.449
2005/8/3	3.423
2005/8/4	3.406
2005/8/5	3.433
2005/8/8	3.496
2005/8/9	3.491
2005/8/10	3.507
2005/8/11	3.466
2005/8/12	3.454
2005/8/15	3.454
2005/8/16	3.476
2005/8/17	3.478
2005/8/18	3.437
2005/8/19	3.454
2005/8/22	3.458
2005/8/23	3.458
2005/8/24	3.52
2005/8/25	3.5
2005/8/26	3.516
2005/8/29	3.516
2005/8/30	3.52
2005/8/31	3.518
2005/9/1	3.506
2005/9/2	3.501
2005/9/5	3.506
2005/9/6	3.508
2005/9/7	3.446
2005/9/8	3.457
2005/9/9	3.456
2005/9/12	3.528
2005/9/13	3.479
2005/9/14	3.469
2005/9/15	3.345
2005/9/16	3.238
2005/9/19	3.295
2005/9/20	3.318
2005/9/21	3.309
2005/9/22	3.313
2005/9/23	3.311
2005/9/26	3.313
2005/9/27	3.294
2005/9/28	3.268
2005/9/29	3.293
2005/9/30	3.325
2005/10/8	3.294
2005/10/9	3.337
2005/10/10	3.208
2005/10/11	3.2
2005/10/12	3.208
2005/10/13	3.196
2005/10/14	3.182
2005/10/17	3.164
2005/10/18	3.12
2005/10/19	3.084
2005/10/20	3.127
2005/10/21	3.131
2005/10/24	3.139
2005/10/25	3.088
2005/10/26	3.098
2005/10/27	3.091
2005/10/28	3.186
2005/10/31	3.174
2005/11/1	3.195
2005/11/2	3.232
2005/11/3	3.167
2005/11/4	3.238
2005/11/7	3.234
2005/11/8	3.258
2005/11/9	3.263
2005/11/10	3.28
2005/11/11	3.273
2005/11/14	3.269
2005/11/15	3.247
2005/11/16	3.265
2005/11/17	3.21
2005/11/18	3.295
2005/11/21	3.288
2005/11/22	3.276
2005/11/23	3.288
2005/11/24	3.319
2005/11/25	3.325
2005/11/28	3.363
2005/11/29	3.328
2005/11/30	3.293
2005/12/1	3.409
2005/12/2	3.384
2005/12/5	3.399
2005/12/6	3.365
2005/12/7	3.33
2005/12/8	3.343
2005/12/9	3.371
2005/12/12	3.364
2005/12/13	3.375
2005/12/14	3.229
2005/12/15	3.304
2005/12/16	3.261
2005/12/19	3.347
2005/12/20	3.377
2005/12/21	3.364
2005/12/22	3.429
2005/12/23	3.321
2005/12/26	3.332
2005/12/27	3.259
2005/12/28	3.276
2005/12/29	3.276
2005/12/30	3.315
2005/12/31	3.301
2006/1/4	3.278
2006/1/5	3.311
2006/1/6	3.245
2006/1/9	3.245
2006/1/10	3.257
2006/1/11	3.268
2006/1/12	3.224
2006/1/13	3.221
2006/1/16	3.239
2006/1/17	3.171
2006/1/18	3.186
2006/1/19	3.146
2006/1/20	3.208
2006/1/23	3.204
2006/1/24	3.191
2006/1/25	3.118
2006/1/26	3.125
2006/1/27	3.134
2006/1/28	3.134
2006/2/5	3.136
2006/2/6	3.159
2006/2/7	3.182
2006/2/8	3.22
2006/2/9	3.139
2006/2/10	3.195
2006/2/13	3.156
2006/2/14	3.076
2006/2/15	3.174
2006/2/16	3.136
2006/2/17	3.118
2006/2/20	3.102
2006/2/21	3.06
2006/2/22	3.096
2006/2/23	3.043
2006/2/24	2.996
2006/2/27	3.037
2006/2/28	2.97
2006/3/1	2.963
2006/3/2	2.969
2006/3/3	2.972
2006/3/6	2.973
2006/3/7	3.013
2006/3/8	3.007
2006/3/9	2.959
2006/3/10	3.004
2006/3/13	2.972
2006/3/14	2.979
2006/3/15	2.98
2006/3/16	2.972
2006/3/17	2.978
2006/3/20	3.004
2006/3/21	3.02
2006/3/22	3.031
2006/3/23	3.019
2006/3/24	3.063
2006/3/27	2.94
2006/3/28	2.945
2006/3/29	2.95
2006/3/30	2.925
2006/3/31	2.948
2006/4/3	2.938
2006/4/4	3.023
2006/4/5	3.025
2006/4/6	3.056
2006/4/7	3.035
2006/4/10	3.035
2006/4/11	3.036
2006/4/12	3.04
2006/4/13	3.07
2006/4/14	3.086
2006/4/17	3.099
2006/4/18	3.102
2006/4/19	3.099
2006/4/20	3.058
2006/4/21	3.031
2006/4/24	3.037
2006/4/25	3.019
2006/4/26	3.061
2006/4/27	3.046
2006/4/28	3.045
2006/4/29	3.052
2006/4/30	3.047
2006/5/8	3.131
2006/5/9	3.046
2006/5/10	3.043
2006/5/11	3.042
2006/5/12	3.094
2006/5/15	3.085
2006/5/16	3.049
2006/5/17	3.049
2006/5/18	3.048
2006/5/19	3.039
2006/5/22	3.02
2006/5/23	3.02
2006/5/24	3.02
2006/5/25	3.031
2006/5/26	3.017
2006/5/29	3.045
2006/5/30	3.052
2006/5/31	3.047
2006/6/1	3.041
2006/6/2	3.053
2006/6/5	3.031
2006/6/6	3.027
2006/6/7	3.03
2006/6/8	3.013
2006/6/9	3.011
2006/6/12	3.045
2006/6/13	3.011
2006/6/14	3.029
2006/6/15	3.042
2006/6/16	3.017
2006/6/19	3.023
2006/6/20	2.989
2006/6/21	2.979
2006/6/22	2.987
2006/6/23	2.982
2006/6/26	2.985
2006/6/27	3.112
2006/6/28	3.166
2006/6/29	3.159
2006/6/30	3.132
2006/7/3	3.124
2006/7/4	3.129
2006/7/5	3.15
2006/7/6	3.203
2006/7/7	3.192
2006/7/10	3.195
2006/7/11	3.207
2006/7/12	3.2
2006/7/13	3.26
2006/7/14	3.243
2006/7/17	3.209
2006/7/18	3.203
2006/7/19	3.3
2006/7/20	3.327
2006/7/21	3.349
2006/7/24	3.357
2006/7/25	3.356
2006/7/26	3.353
2006/7/27	3.356
2006/7/28	3.37
2006/7/31	3.39
2006/8/1	3.309
2006/8/2	3.31
2006/8/3	3.298
2006/8/4	3.457
2006/8/7	3.479
2006/8/8	3.475
2006/8/9	3.465
2006/8/10	3.465
2006/8/11	3.465
2006/8/14	3.464
2006/8/15	3.513
2006/8/16	3.514
2006/8/17	3.514
2006/8/18	3.498
2006/8/21	3.519
2006/8/22	3.492
2006/8/23	3.334
2006/8/24	3.352
2006/8/25	3.336
2006/8/28	3.279
2006/8/29	3.34
2006/8/30	3.337
2006/8/31	3.323
2006/9/1	3.318
2006/9/4	3.315
2006/9/5	3.32
2006/9/6	3.322
2006/9/7	3.317
2006/9/8	3.317
2006/9/11	3.319
2006/9/12	3.298
2006/9/13	3.295
2006/9/14	3.319
2006/9/15	3.311
2006/9/18	3.308
2006/9/19	3.307
2006/9/20	3.306
2006/9/21	3.326
2006/9/22	3.274
2006/9/25	3.302
2006/9/26	3.272
2006/9/27	3.176
2006/9/28	3.178
2006/9/29	3.302
2006/9/30	3.302
2006/10/8	3.291
2006/10/9	3.295
2006/10/10	3.004
2006/10/11	2.999
2006/10/12	2.987
2006/10/13	2.984
2006/10/16	2.985
2006/10/17	2.983
2006/10/18	2.983
2006/10/19	2.979
2006/10/20	2.974
2006/10/23	2.971
2006/10/24	2.969
2006/10/25	2.969
2006/10/26	2.972
2006/10/27	2.973
2006/10/30	2.971
2006/10/31	2.966
2006/11/1	2.967
2006/11/2	2.969
2006/11/3	2.969
2006/11/6	2.986
2006/11/7	2.986
2006/11/8	2.99
2006/11/9	2.994
2006/11/10	2.996
2006/11/13	3
2006/11/14	3.003
2006/11/15	2.999
2006/11/16	2.994
2006/11/17	2.992
2006/11/20	2.972
2006/11/21	2.98
2006/11/22	2.972
2006/11/23	3.1
2006/11/24	3.07
2006/11/27	3.071
2006/11/28	3.005
2006/11/29	3.099
2006/11/30	3.019
2006/12/1	3.01
2006/12/4	3.016
2006/12/5	3.016
2006/12/6	3
2006/12/7	3
2006/12/8	3
2006/12/11	3.002
2006/12/12	2.991
2006/12/13	3.002
2006/12/14	2.993
2006/12/15	3.051
2006/12/18	2.994
2006/12/19	3.049
2006/12/20	3.031
2006/12/21	3.04
2006/12/22	3.03
2006/12/25	3.049
2006/12/26	2.999
2006/12/27	3.051
2006/12/28	3.089
2006/12/29	3.04
2006/12/30	3.052
2006/12/31	3.082
2007/1/4	3.023
2007/1/5	3.031
2007/1/8	3.021
2007/1/9	3.03
2007/1/10	3.042
2007/1/11	3.031
2007/1/12	3.001
2007/1/15	3.001
2007/1/16	3.031
2007/1/17	3.031
2007/1/18	3.032
2007/1/19	3.001
2007/1/22	3.05
2007/1/23	3.031
2007/1/24	3.021
2007/1/25	3.04
2007/1/26	3.01
2007/1/29	3.04
2007/1/30	3.021
2007/1/31	3.08
2007/2/1	3.008
2007/2/2	3.102
2007/2/5	3.062
2007/2/6	3.101
2007/2/7	3.082
2007/2/8	3.127
2007/2/9	3.127
2007/2/12	3.082
2007/2/13	3.079
2007/2/14	3.15
2007/2/15	3.164
2007/2/16	3.164
2007/2/17	3.109
2007/2/25	3.091
2007/2/26	3.15
2007/2/27	3.132
2007/2/28	3.132
2007/3/1	3.102
2007/3/2	3.16
2007/3/5	3.181
2007/3/6	3.16
2007/3/7	3.201
2007/3/8	3.201
2007/3/9	3.251
2007/3/12	3.211
2007/3/13	3.221
2007/3/14	3.262
2007/3/15	3.192
2007/3/16	3.262
2007/3/19	3.316
2007/3/20	3.282
2007/3/21	3.402
2007/3/22	3.411
2007/3/23	3.401
2007/3/26	3.379
2007/3/27	3.409
2007/3/28	3.45
2007/3/29	3.45
2007/3/30	3.398
2007/4/2	3.435
2007/4/3	3.45
2007/4/4	3.435
2007/4/5	3.378
2007/4/6	3.448
2007/4/9	3.448
2007/4/10	3.499
2007/4/11	3.442
2007/4/12	3.499
2007/4/13	3.443
2007/4/16	3.498
2007/4/17	3.579
2007/4/18	3.591
2007/4/19	3.963
2007/4/20	3.853
2007/4/23	3.853
2007/4/24	3.599
2007/4/25	3.599
2007/4/26	3.599
2007/4/27	3.618
2007/4/28	3.599
2007/4/29	3.641
2007/4/30	3.889
2007/5/8	3.889
2007/5/9	3.599
2007/5/10	3.628
2007/5/11	3.628
2007/5/14	3.89
2007/5/15	3.89
2007/5/16	3.748
2007/5/17	3.748
2007/5/18	3.897
2007/5/21	3.848
2007/5/22	3.942
2007/5/23	4.298
2007/5/24	4.298
2007/5/25	4.299
2007/5/28	4.299
2007/5/29	4.299
2007/5/30	4.3
2007/5/31	4.3
2007/6/1	4.3
2007/6/4	4.048
2007/6/5	4.007
2007/6/6	4.078
2007/6/7	4.098
2007/6/8	4.057
2007/6/11	4.148
2007/6/12	4.148
2007/6/13	4.128
2007/6/14	4.244
2007/6/15	4.151
2007/6/18	4.349
2007/6/19	4.329
2007/6/20	4.4
2007/6/21	4.4
2007/6/22	4.379
2007/6/25	4.329
2007/6/26	4.35
2007/6/27	4.153
2007/6/28	4.153
2007/6/29	4.285
2007/7/2	4.312
2007/7/3	4.447
2007/7/4	4.498
2007/7/5	4.498
2007/7/6	4.601
2007/7/9	4.45
2007/7/10	4.287
2007/7/11	4.429
2007/7/12	4.288
2007/7/13	4.45
2007/7/16	4.45
2007/7/17	4.498
2007/7/18	4.462
2007/7/19	4.43
2007/7/20	4.498
2007/7/23	4.498
2007/7/24	4.449
2007/7/25	4.525
2007/7/26	4.349
2007/7/27	4.525
2007/7/30	4.349
2007/7/31	4.361
2007/8/1	4.399
2007/8/2	4.399
2007/8/3	4.336
2007/8/6	4.462
2007/8/7	4.336
2007/8/8	4.399
2007/8/9	4.399
2007/8/10	4.399
2007/8/13	4.299
2007/8/14	4.299
2007/8/15	4.35
2007/8/16	4.399
2007/8/17	4.4
2007/8/20	4.399
2007/8/21	4.399
2007/8/22	4.399
2007/8/23	4.38
2007/8/24	4.348
2007/8/27	4.399
2007/8/28	4.399
2007/8/29	4.398
2007/8/30	4.25
2007/8/31	4.398
2007/9/3	4.398
2007/9/4	4.264
2007/9/5	4.229
2007/9/6	4.398
2007/9/7	4.229
2007/9/10	4.398
2007/9/11	4.229
2007/9/12	4.379
2007/9/13	4.359
2007/9/14	4.4
2007/9/17	4.449
2007/9/18	4.197
2007/9/19	4.45
2007/9/20	4.52
2007/9/21	4.5
2007/9/24	4.197
2007/9/25	4.197
2007/9/26	4.5
2007/9/27	4.52
2007/9/28	4.479
2007/9/29	4.196
2007/9/30	4.33
2007/10/8	4.196
2007/10/9	4.196
2007/10/10	4.461
2007/10/11	4.521
2007/10/12	4.521
2007/10/15	4.468
2007/10/16	4.521
2007/10/17	4.451
2007/10/18	4.469
2007/10/19	4.46
2007/10/22	4.475
2007/10/23	4.475
2007/10/24	4.475
2007/10/25	4.47
2007/10/26	4.655
2007/10/29	4.655
2007/10/30	4.604
2007/10/31	4.604
2007/11/1	4.521
2007/11/2	4.604
2007/11/5	4.604
2007/11/6	4.55
2007/11/7	4.56
2007/11/8	4.56
2007/11/9	4.55
2007/11/12	4.55
2007/11/13	4.6
2007/11/14	4.6
2007/11/15	4.6
2007/11/16	4.6
2007/11/19	4.6
2007/11/20	4.601
2007/11/21	4.522
2007/11/22	4.62
2007/11/23	4.601
2007/11/26	4.601
2007/11/27	4.6
2007/11/28	4.601
2007/11/29	4.601
2007/11/30	4.601
2007/12/3	4.613
2007/12/4	4.601
2007/12/5	4.601
2007/12/6	4.613
2007/12/7	4.7
2007/12/10	4.613
2007/12/11	4.613
2007/12/12	4.7
2007/12/13	4.613
2007/12/14	4.57
2007/12/17	4.5
2007/12/18	4.5
2007/12/19	4.5
2007/12/20	4.45
2007/12/21	4.613
2007/12/24	4.5
2007/12/25	4.515
2007/12/26	4.59
2007/12/27	4.51
2007/12/28	4.39
2007/12/29	4.47
2008/1/2	4.55
2008/1/3	4.52
2008/1/4	4.44
2008/1/7	4.47
2008/1/8	4.499
2008/1/9	4.52
2008/1/10	4.47
2008/1/11	4.43
2008/1/14	4.52
2008/1/15	4.402
2008/1/16	4.521
2008/1/17	4.47
2008/1/18	4.521
2008/1/21	4.43
2008/1/22	4.5
2008/1/23	4.45
2008/1/24	4.381
2008/1/25	4.42
2008/1/28	4.32
2008/1/29	4.389
2008/1/30	4.3
2008/1/31	4.28
2008/2/1	4.3
2008/2/3	4.45
2008/2/4	4.221
2008/2/5	4.26
2008/2/13	4.171
2008/2/14	4.145
2008/2/15	4.25
2008/2/18	4.17
2008/2/19	4.25
2008/2/20	4.25
2008/2/21	4.2
2008/2/22	4.107
2008/2/25	4.08
2008/2/26	4.251
2008/2/27	4.251
2008/2/28	4.15
2008/2/29	4.08
2008/3/3	4.13
2008/3/4	4.258
2008/3/5	4.2
2008/3/6	4.2
2008/3/7	4.2
2008/3/10	4.2
2008/3/11	4.2
2008/3/12	4.159
2008/3/13	4.2
2008/3/14	4.159
2008/3/17	4.18
2008/3/18	4.2
2008/3/19	4.18
2008/3/20	4.19
2008/3/21	4.19
2008/3/24	4.13
2008/3/25	4.17
2008/3/26	4.17
2008/3/27	4.257
2008/3/28	4.19
2008/3/31	4.19
2008/4/1	4.15
2008/4/2	4.129
2008/4/3	4.022
2008/4/7	4.129
2008/4/8	4.07
2008/4/9	4.08
2008/4/10	4.066
2008/4/11	4.101
2008/4/14	4.08
2008/4/15	4.03
2008/4/16	4.1
2008/4/17	4.08
2008/4/18	4.03
2008/4/21	4.08
2008/4/22	4.05
2008/4/23	4.05
2008/4/24	4.066
2008/4/25	4.101
2008/4/28	4.1
2008/4/29	4.1
2008/4/30	4.08
2008/5/4	4.08
2008/5/5	4.101
2008/5/6	4.1
2008/5/7	4.14
2008/5/8	4.1
2008/5/9	4.1
2008/5/12	4.14
2008/5/13	4.15
2008/5/14	4.079
2008/5/15	4.15
2008/5/16	4.15
2008/5/19	4.15
2008/5/20	4.17
2008/5/21	4.15
2008/5/22	4.17
2008/5/23	4.15
2008/5/26	4.15
2008/5/27	4.195
2008/5/28	4.17
2008/5/29	4.18
2008/5/30	4.176
2008/6/2	4.22
2008/6/3	4.195
2008/6/4	4.22
2008/6/5	4.17
2008/6/6	4.22
2008/6/10	4.25
2008/6/11	4.25
2008/6/12	4.35
2008/6/13	4.3
2008/6/16	4.3
2008/6/17	4.35
2008/6/18	4.3
2008/6/19	4.279
2008/6/20	4.221
2008/6/23	4.196
2008/6/24	4.221
2008/6/25	4.498
2008/6/26	4.547
2008/6/27	4.551
2008/6/30	4.451
2008/7/1	4.451
2008/7/2	4.547
2008/7/3	4.547
2008/7/4	4.581
2008/7/7	4.521
2008/7/8	4.499
2008/7/9	4.42
2008/7/10	4.5
2008/7/11	4.587
2008/7/14	4.5
2008/7/15	4.5
2008/7/16	4.5
2008/7/17	4.5
2008/7/18	4.5
2008/7/21	4.45
2008/7/22	4.45
2008/7/23	4.587
2008/7/24	4.45
2008/7/25	4.45
2008/7/28	4.45
2008/7/29	4.536
2008/7/30	4.45
2008/7/31	4.587
2008/8/1	4.627
2008/8/4	4.455
2008/8/5	4.45
2008/8/6	4.435
2008/8/7	4.515
2008/8/8	4.49
2008/8/11	4.564
2008/8/12	4.594
2008/8/13	4.495
2008/8/14	4.6
2008/8/15	4.405
2008/8/18	4.56
2008/8/19	4.56
2008/8/20	4.409
2008/8/21	4.36
2008/8/22	4.346
2008/8/25	4.35
2008/8/26	4.32
2008/8/27	4.3
2008/8/28	4.265
2008/8/29	4.27
2008/9/1	4.38
2008/9/2	4.45
2008/9/3	4.134
2008/9/4	4.156
2008/9/5	4.161
2008/9/8	4.161
2008/9/9	4.132
2008/9/10	4.09
2008/9/11	4.052
2008/9/12	3.961
2008/9/16	4.18
2008/9/17	4.078
2008/9/18	4.179
2008/9/19	3.8
2008/9/22	3.75
2008/9/23	3.98
2008/9/24	3.75
2008/9/25	3.72
2008/9/26	3.718
2008/9/27	3.718
2008/9/28	3.704
2008/10/6	3.674
2008/10/7	3.979
2008/10/8	3.717
2008/10/9	3.138
2008/10/10	3.088
2008/10/13	3.04
2008/10/14	3.08
2008/10/15	3.101
2008/10/16	3.125
2008/10/17	3.169
2008/10/20	3.14
2008/10/21	3.172
2008/10/22	3.183
2008/10/23	3.188
2008/10/24	3.183
2008/10/27	3.15
2008/10/28	3.21
2008/10/29	3.18
2008/10/30	3.065
2008/10/31	3.07
2008/11/3	3.219
2008/11/4	3.05
2008/11/5	3.06
2008/11/6	3.199
2008/11/7	3.1
2008/11/10	3.079
2008/11/11	3.07
2008/11/12	3.12
2008/11/13	3.07
2008/11/14	2.899
2008/11/17	3
2008/11/18	2.89
2008/11/19	2.989
2008/11/20	2.989
2008/11/21	3.026
2008/11/24	2.988
2008/11/25	2.89
2008/11/26	3.21
2008/11/27	2.929
2008/11/28	3.3
2008/12/1	2.929
2008/12/2	3.03
2008/12/3	2.95
2008/12/4	2.93
2008/12/5	2.9
2008/12/8	2.9
2008/12/9	2.949
2008/12/10	3.01
2008/12/11	3.01
2008/12/12	3.01
2008/12/15	2.95
2008/12/16	2.9
2008/12/17	2.8
2008/12/18	2.8
2008/12/19	2.88
2008/12/22	2.897
2008/12/23	2.897
2008/12/24	2.75
2008/12/25	2.946
2008/12/26	2.749
2008/12/29	2.8
2008/12/30	3.046
2008/12/31	2.749
2009/1/4	2.897
2009/1/5	2.667
2009/1/6	2.78
2009/1/7	2.897
2009/1/8	2.78
2009/1/9	2.943
2009/1/12	2.75
2009/1/13	2.711
2009/1/14	2.9
2009/1/15	3
2009/1/16	3.01
2009/1/19	3.101
2009/1/20	3.1
2009/1/21	3.1
2009/1/22	3.08
2009/1/23	3.059
2009/1/24	3.099
2009/2/1	3.1
2009/2/2	3.08
2009/2/3	3.2
2009/2/4	3.2
2009/2/5	3.05
2009/2/6	3.05
2009/2/9	3.05
2009/2/10	3.35
2009/2/11	3.4
2009/2/12	3.1
2009/2/13	3.174
2009/2/16	3.05
2009/2/17	3.1
2009/2/18	3.1
2009/2/19	3.15
2009/2/20	3.15
2009/2/23	3.15
2009/2/24	3.12
2009/2/25	3.12
2009/2/26	3.151
2009/2/27	3.1
2009/3/2	3.1
2009/3/3	3.2
2009/3/4	3.2
2009/3/5	3.28
2009/3/6	3.28
2009/3/9	3.18
2009/3/10	3.225
2009/3/11	3.199
2009/3/12	3.17
2009/3/13	3.18
2009/3/16	3.18
2009/3/17	3.18
2009/3/18	3.18
2009/3/19	3.301
2009/3/20	3.13
2009/3/23	3.15
2009/3/24	3.16
2009/3/25	3.16
2009/3/26	3.18
2009/3/27	3.22
2009/3/30	3.141
2009/3/31	3.16
2009/4/1	3.16
2009/4/2	3.16
2009/4/3	3.18
2009/4/7	3.16
2009/4/8	3.21
2009/4/9	3.148
2009/4/10	3.18
2009/4/13	3.16
2009/4/14	3.285
2009/4/15	3.18
2009/4/16	3.16
2009/4/17	3.16
2009/4/20	3.16
2009/4/21	3.16
2009/4/22	3.18
2009/4/23	3.16
2009/4/24	3.16
2009/4/27	3.16
2009/4/28	3.138
2009/4/29	3.16
2009/4/30	3.18
2009/5/4	3.13
2009/5/5	3.16
2009/5/6	3.1
2009/5/7	3.1
2009/5/8	3.12
2009/5/11	3.08
2009/5/12	3.2
2009/5/13	3.197
2009/5/14	3.07
2009/5/15	3.06
2009/5/18	3.06
2009/5/19	3.06
2009/5/20	3.133
2009/5/21	3.06
2009/5/22	3.02
2009/5/25	3.03
2009/5/26	3.09
2009/5/27	3.06
2009/5/31	3.06
2009/6/1	3.08
2009/6/2	3.07
2009/6/3	3.1
2009/6/4	3.1
2009/6/5	3.08
2009/6/8	3.08
2009/6/9	3.091
2009/6/10	3.1
2009/6/11	3.1
2009/6/12	3.08
2009/6/15	3.1
2009/6/16	3.1
2009/6/17	3.1
2009/6/18	3.13
2009/6/19	3.08
2009/6/22	3.13
2009/6/23	3.123
2009/6/24	3.102
2009/6/25	3.17
2009/6/26	3.28
2009/6/29	3.28
2009/6/30	3.28
2009/7/1	3.296
2009/7/2	3.296
2009/7/3	3.28
2009/7/6	3.35
2009/7/7	3.268
2009/7/8	3.3
2009/7/9	3.3
2009/7/10	3.29
2009/7/13	3.29
2009/7/14	3.38
2009/7/15	3.4
2009/7/16	3.35
2009/7/17	3.43
2009/7/20	3.28
2009/7/21	3.5
2009/7/22	3.2
2009/7/23	3.5
2009/7/24	3.5
2009/7/27	3.5
2009/7/28	3.55
2009/7/29	3.48
2009/7/30	3.55
2009/7/31	3.268
2009/8/3	3.56
2009/8/4	3.55
2009/8/5	3.55
2009/8/6	3.64
2009/8/7	3.5
2009/8/10	3.55
2009/8/11	3.55
2009/8/12	3.56
2009/8/13	3.55
2009/8/14	3.55
2009/8/17	3.55
2009/8/18	3.55
2009/8/19	3.55
2009/8/20	3.55
2009/8/21	3.55
2009/8/24	3.55
2009/8/25	3.58
2009/8/26	3.55
2009/8/27	3.55
2009/8/28	3.55
2009/8/31	3.55
2009/9/1	3.48
2009/9/2	3.55
2009/9/3	3.55
2009/9/4	3.55
2009/9/7	3.55
2009/9/8	3.51
2009/9/9	3.51
2009/9/10	3.52
2009/9/11	3.43
2009/9/14	3.43
2009/9/15	3.43
2009/9/16	3.44
2009/9/17	3.44
2009/9/18	3.44
2009/9/21	3.44
2009/9/22	3.44
2009/9/23	3.44
2009/9/24	3.5
2009/9/25	3.48
2009/9/27	3.44
2009/9/28	3.64
2009/9/29	3.54
2009/9/30	3.54
2009/10/9	3.54
2009/10/10	3.65
2009/10/12	3.56
2009/10/13	3.66
2009/10/14	3.7
2009/10/15	3.57
2009/10/16	3.57
2009/10/19	3.8
2009/10/20	3.76
2009/10/21	3.73
2009/10/22	3.8
2009/10/23	3.8
2009/10/26	3.7
2009/10/27	3.73
2009/10/28	3.72
2009/10/29	3.73
2009/10/30	3.7
2009/11/2	3.69
2009/11/3	3.69
2009/11/4	3.72
2009/11/5	3.72
2009/11/6	3.7
2009/11/9	3.7
2009/11/10	3.7
2009/11/11	3.7
2009/11/12	3.69
2009/11/13	3.69
2009/11/16	3.7
2009/11/17	3.7
2009/11/18	3.74
2009/11/19	3.7
2009/11/20	3.7
2009/11/23	3.706
2009/11/24	3.73
2009/11/25	3.69
2009/11/26	3.69
2009/11/27	3.73
2009/11/30	3.56
2009/12/1	3.64
2009/12/2	3.64
2009/12/3	3.59
2009/12/4	3.59
2009/12/7	3.62
2009/12/8	3.6
2009/12/9	3.64
2009/12/10	3.6
2009/12/11	3.61
2009/12/14	3.64
2009/12/15	3.61
2009/12/16	3.63
2009/12/17	3.625
2009/12/18	3.65
2009/12/21	3.625
2009/12/22	3.6
2009/12/23	3.61
2009/12/24	3.6
2009/12/25	3.6
2009/12/28	3.6
2009/12/29	3.63
2009/12/30	3.64
2009/12/31	3.6
2010/1/4	3.65
2010/1/5	3.6
2010/1/6	3.6
2010/1/7	3.65
2010/1/8	3.6
2010/1/11	3.67
2010/1/12	3.6
2010/1/13	3.75
2010/1/14	3.67
2010/1/15	3.71
2010/1/18	3.71
2010/1/19	3.74
2010/1/20	3.6
2010/1/21	3.74
2010/1/22	3.6
2010/1/25	3.6
2010/1/26	3.67
2010/1/27	3.6
2010/1/28	3.64
2010/1/29	3.6
2010/2/1	3.72
2010/2/2	3.6
2010/2/3	3.59
2010/2/4	3.5
2010/2/5	3.55
2010/2/8	3.47
2010/2/9	3.56
2010/2/10	3.43
2010/2/11	3.55
2010/2/12	3.58
2010/2/20	3.49
2010/2/21	3.51
2010/2/22	3.49
2010/2/23	3.55
2010/2/24	3.47
2010/2/25	3.45
2010/2/26	3.55
2010/3/1	3.4
2010/3/2	3.55
2010/3/3	3.35
2010/3/4	3.51
2010/3/5	3.36
2010/3/8	3.39
2010/3/9	3.38
2010/3/10	3.37
2010/3/11	3.37
2010/3/12	3.54
2010/3/15	3.45
2010/3/16	3.42
2010/3/17	3.4
2010/3/18	3.38
2010/3/19	3.45
2010/3/22	3.38
2010/3/23	3.45
2010/3/24	3.42
2010/3/25	3.42
2010/3/26	3.44
2010/3/29	3.47
2010/3/30	3.47
2010/3/31	3.58
2010/4/1	3.56
2010/4/2	3.48
2010/4/6	3.5
2010/4/7	3.5
2010/4/8	3.54
2010/4/9	3.48
2010/4/12	3.53
2010/4/13	3.61
2010/4/14	3.5
2010/4/15	3.55
2010/4/16	3.48
2010/4/19	3.56
2010/4/20	3.49
2010/4/21	3.49
2010/4/22	3.49
2010/4/23	3.49
2010/4/26	3.5
2010/4/27	3.38
2010/4/28	3.45
2010/4/29	3.42
2010/4/30	3.34
2010/5/4	3.37
2010/5/5	3.37
2010/5/6	3.48
2010/5/7	3.3
2010/5/10	3.36
2010/5/11	3.32
2010/5/12	3.39
2010/5/13	3.26
2010/5/14	3.28
2010/5/17	3.26
2010/5/18	3.18
2010/5/19	3.22
2010/5/20	3.28
2010/5/21	3.2
2010/5/24	3.29
2010/5/25	3.26
2010/5/26	3.2
2010/5/27	3.29
2010/5/28	3.2
2010/5/31	3.31
2010/6/1	3.33
2010/6/2	3.33
2010/6/3	3.28
2010/6/4	3.31
2010/6/7	3.21
2010/6/8	3.3
2010/6/9	3.245
2010/6/10	3.33
2010/6/11	3.3
2010/6/12	3.35
2010/6/13	3.33
2010/6/17	3.3
2010/6/18	3.33
2010/6/21	3.43
2010/6/22	3.4
2010/6/23	3.4
2010/6/24	3.41
2010/6/25	3.43
2010/6/28	3.43
2010/6/29	3.28
2010/6/30	3.33
2010/7/1	3.43
2010/7/2	3.25
2010/7/5	3.27
2010/7/6	3.26
2010/7/7	3.22
2010/7/8	3.25
2010/7/9	3.25
2010/7/12	3.22
2010/7/13	3.22
2010/7/14	3.25
2010/7/15	3.22
2010/7/16	3.2
2010/7/19	3.25
2010/7/20	3.21
2010/7/21	3.22
2010/7/22	3.23
2010/7/23	3.23
2010/7/26	3.32
2010/7/27	3.23
2010/7/28	3.4
2010/7/29	3.28
2010/7/30	3.31
2010/8/2	3.32
2010/8/3	3.32
2010/8/4	3.3
2010/8/5	3.36
2010/8/6	3.3
2010/8/9	3.3
2010/8/10	3.28
2010/8/11	3.32
2010/8/12	3.22
2010/8/13	3.28
2010/8/16	3.25
2010/8/17	3.25
2010/8/18	3.23
2010/8/19	3.23
2010/8/20	3.23
2010/8/23	3.23
2010/8/24	3.23
2010/8/25	3.25
2010/8/26	3.22
2010/8/27	3.23
2010/8/30	3.276
2010/8/31	3.221
2010/9/1	3.23
2010/9/2	3.28
2010/9/3	3.225
2010/9/6	3.276
2010/9/7	3.22
2010/9/8	3.22
2010/9/9	3.22
2010/9/10	3.276
2010/9/13	3.35
2010/9/14	3.3
2010/9/15	3.22
2010/9/16	3.35
2010/9/17	3.225
2010/9/19	3.17
2010/9/20	3.27
2010/9/21	3.37
2010/9/25	3.305
2010/9/26	3.22
2010/9/27	3.37
2010/9/28	3.22
2010/9/29	3.23
2010/9/30	3.253
2010/10/8	3.345
2010/10/9	3.34
2010/10/11	3.45
2010/10/12	3.41
2010/10/13	3.39
2010/10/14	3.39
2010/10/15	3.44
2010/10/18	3.41
2010/10/19	3.4
2010/10/20	3.41
2010/10/21	3.45
2010/10/22	3.4
2010/10/25	3.41
2010/10/26	3.68
2010/10/27	3.569
2010/10/28	3.7
2010/10/29	3.67
2010/11/1	3.7
2010/11/2	3.42
2010/11/3	3.7
2010/11/4	3.67
2010/11/5	3.41
2010/11/8	3.67
2010/11/9	3.83
2010/11/10	3.78
2010/11/11	3.996
2010/11/12	3.84
2010/11/15	3.9
2010/11/16	3.84
2010/11/17	3.88
2010/11/18	3.84
2010/11/19	3.9
2010/11/22	3.83
2010/11/23	3.96
2010/11/24	3.96
2010/11/25	3.98
2010/11/26	3.95
2010/11/29	3.95
2010/11/30	3.9
2010/12/1	4
2010/12/2	3.85
2010/12/3	3.9
2010/12/6	3.89
2010/12/7	3.83
2010/12/8	3.83
2010/12/9	3.86
2010/12/10	3.85
2010/12/13	3.95
2010/12/14	3.88
2010/12/15	3.85
2010/12/16	3.9
2010/12/17	3.82
2010/12/20	3.82
2010/12/21	3.82
2010/12/22	3.8
2010/12/23	3.78
2010/12/24	3.81
2010/12/27	3.8
2010/12/28	3.94
2010/12/29	4
2010/12/30	4
2010/12/31	3.9
2011/1/4	3.86
2011/1/5	3.92
2011/1/6	3.9
2011/1/7	3.88
2011/1/10	3.9
2011/1/11	3.89
2011/1/12	3.86
2011/1/13	3.9
2011/1/14	3.9
2011/1/17	3.97
2011/1/18	3.99
2011/1/19	3.99
2011/1/20	3.89
2011/1/21	4
2011/1/24	4
2011/1/25	4.01
2011/1/26	4
2011/1/27	3.89
2011/1/28	4.02
2011/1/30	4.01
2011/1/31	3.89
2011/2/1	4.018
2011/2/9	4.15
2011/2/10	4.05
2011/2/11	4.11
2011/2/12	4.1
2011/2/14	3.9
2011/2/15	4.15
2011/2/16	4.15
2011/2/17	4.05
2011/2/18	4.15
2011/2/21	3.98
2011/2/22	4.05
2011/2/23	4
2011/2/24	3.91
2011/2/25	3.93
2011/2/28	3.94
2011/3/1	3.97
2011/3/2	3.95
2011/3/3	3.94
2011/3/4	4
2011/3/7	3.95
2011/3/8	3.96
2011/3/9	3.95
2011/3/10	3.91
2011/3/11	3.94
2011/3/14	3.9
2011/3/15	3.93
2011/3/16	3.92
2011/3/17	3.98
2011/3/18	3.88
2011/3/21	3.92
2011/3/22	3.86
2011/3/23	4
2011/3/24	3.92
2011/3/25	3.94
2011/3/28	3.9
2011/3/29	3.893
2011/3/30	4.044
2011/3/31	3.9
2011/4/1	3.77
2011/4/2	3.95
2011/4/6	4.044
2011/4/7	4.068
2011/4/8	3.96
2011/4/11	3.92
2011/4/12	3.9
2011/4/13	3.86
2011/4/14	3.94
2011/4/15	3.85
2011/4/18	3.96
2011/4/19	3.94
2011/4/20	3.94
2011/4/21	3.95
2011/4/22	3.9
2011/4/25	3.86
2011/4/26	4.044
2011/4/27	3.86
2011/4/28	3.86
2011/4/29	3.88
2011/5/3	3.92
2011/5/4	3.86
2011/5/5	3.95
2011/5/6	3.91
2011/5/9	4.044
2011/5/10	3.85
2011/5/11	3.88
2011/5/12	3.86
2011/5/13	3.827
2011/5/16	3.83
2011/5/17	3.91
2011/5/18	3.84
2011/5/19	3.91
2011/5/20	4.044
2011/5/23	3.85
2011/5/24	3.84
2011/5/25	3.91
2011/5/26	3.91
2011/5/27	3.86
2011/5/30	3.941
2011/5/31	3.84
2011/6/1	3.941
2011/6/2	3.91
2011/6/3	3.91
2011/6/7	3.91
2011/6/8	3.84
2011/6/9	3.91
2011/6/10	3.88
2011/6/13	3.9
2011/6/14	3.95
2011/6/15	3.95
2011/6/16	3.88
2011/6/17	3.88
2011/6/20	3.88
2011/6/21	3.88
2011/6/22	3.879
2011/6/23	3.932
2011/6/24	3.95
2011/6/27	3.966
2011/6/28	3.92
2011/6/29	3.9
2011/6/30	3.88
2011/7/1	3.9
2011/7/4	3.9
2011/7/5	3.92
2011/7/6	3.91
2011/7/7	3.98
2011/7/8	3.87
2011/7/11	3.93
2011/7/12	3.9
2011/7/13	3.93
2011/7/14	3.93
2011/7/15	3.95
2011/7/18	3.9
2011/7/19	3.89
2011/7/20	3.95
2011/7/21	3.92
2011/7/22	4.135
2011/7/25	3.92
2011/7/26	4.085
2011/7/27	3.94
2011/7/28	4.05
2011/7/29	4.12
2011/8/1	4.06
2011/8/2	4.12
2011/8/3	4.07
2011/8/4	4.05
2011/8/5	4.05
2011/8/8	4.05
2011/8/9	4.05
2011/8/10	3.99
2011/8/11	3.88
2011/8/12	3.9
2011/8/15	4.07
2011/8/16	3.9
2011/8/17	3.93
2011/8/18	3.9
2011/8/19	3.95
2011/8/22	3.96
2011/8/23	3.96
2011/8/24	4.1
2011/8/25	3.93
2011/8/26	3.96
2011/8/29	4
2011/8/30	4.15
2011/8/31	4
2011/9/1	4.13
2011/9/2	4
2011/9/5	4.13
2011/9/6	4.11
2011/9/7	4.03
2011/9/8	4.1
2011/9/9	4.08
2011/9/13	4.06
2011/9/14	4.05
2011/9/15	4.06
2011/9/16	4.05
2011/9/19	4.08
2011/9/20	4.11
2011/9/21	4.1
2011/9/22	4.11
2011/9/23	4.11
2011/9/26	4.1
2011/9/27	3.9
2011/9/28	3.94
2011/9/29	3.94
2011/9/30	3.87
2011/10/8	3.93
2011/10/9	3.93
2011/10/10	3.8
2011/10/11	3.75
2011/10/12	3.81
2011/10/13	3.85
2011/10/14	3.85
2011/10/17	3.78
2011/10/18	3.79
2011/10/19	3.75
2011/10/20	3.842
2011/10/21	3.75
2011/10/24	3.8
2011/10/25	3.85
2011/10/26	3.82
2011/10/27	3.8
2011/10/28	3.8
2011/10/31	3.81
2011/11/1	3.74
2011/11/2	3.74
2011/11/3	3.8
2011/11/4	3.75
2011/11/7	3.74
2011/11/8	3.73
2011/11/9	3.74
2011/11/10	3.7
2011/11/11	3.62
2011/11/14	3.6
2011/11/15	3.6
2011/11/16	3.7
2011/11/17	3.65
2011/11/18	3.6
2011/11/21	3.62
2011/11/22	3.65
2011/11/23	3.68
2011/11/24	3.62
2011/11/25	3.56
2011/11/28	3.62
2011/11/29	3.62
2011/11/30	3.62
2011/12/1	3.51
2011/12/2	3.51
2011/12/5	3.55
2011/12/6	3.5
2011/12/7	3.55
2011/12/8	3.5
2011/12/9	3.55
2011/12/12	3.514
2011/12/13	3.55
2011/12/14	3.55
2011/12/15	3.52
2011/12/16	3.5
2011/12/19	3.51
2011/12/20	3.51
2011/12/21	3.514
2011/12/22	3.52
2011/12/23	3.52
2011/12/26	3.52
2011/12/27	3.5
2011/12/28	3.51
2011/12/29	3.514
2011/12/30	3.52
2011/12/31	3.55
2012/1/4	3.5
2012/1/5	3.45
2012/1/6	3.514
2012/1/9	3.42
2012/1/10	3.4
2012/1/11	3.45
2012/1/12	3.42
2012/1/13	3.4
2012/1/16	3.5
2012/1/17	3.41
2012/1/18	3.4
2012/1/19	3.41
2012/1/20	3.5
2012/1/21	3.4
2012/1/29	3.5
2012/1/30	3.4
2012/1/31	3.4
2012/2/1	3.4
2012/2/2	3.4
2012/2/3	3.45
2012/2/6	3.4
2012/2/7	3.4
2012/2/8	3.4
2012/2/9	3.41
2012/2/10	3.5
2012/2/13	3.53
2012/2/14	3.55
2012/2/15	3.6
2012/2/16	3.53
2012/2/17	3.518
2012/2/20	3.54
2012/2/21	3.53
2012/2/22	3.54
2012/2/23	3.54
2012/2/24	3.5
2012/2/27	3.54
2012/2/28	3.55
2012/2/29	3.55
2012/3/1	3.6
2012/3/2	3.55
2012/3/5	3.55
2012/3/6	3.55
2012/3/7	3.57
2012/3/8	3.5
2012/3/9	3.532
2012/3/12	3.52
2012/3/13	3.55
2012/3/14	3.54
2012/3/15	3.54
2012/3/16	3.52
2012/3/19	3.56
2012/3/20	3.56
2012/3/21	3.55
2012/3/22	3.56
2012/3/23	3.55
2012/3/26	3.54
2012/3/27	3.55
2012/3/28	3.55
2012/3/29	3.53
2012/3/30	3.55
2012/3/31	3.55
2012/4/1	3.55
2012/4/5	3.6
2012/4/6	3.55
2012/4/9	3.55
2012/4/10	3.55
2012/4/11	3.55
2012/4/12	3.55
2012/4/13	3.55
2012/4/16	3.55
2012/4/17	3.55
2012/4/18	3.54
2012/4/19	3.54
2012/4/20	3.52
2012/4/23	3.54
2012/4/24	3.52
2012/4/25	3.53
2012/4/26	3.58
2012/4/27	3.55
2012/4/28	3.55
2012/5/2	3.58
2012/5/3	3.58
2012/5/4	3.53
2012/5/7	3.56
2012/5/8	3.55
2012/5/9	3.52
2012/5/10	3.58
2012/5/11	3.52
2012/5/14	3.53
2012/5/15	3.53
2012/5/16	3.535
2012/5/17	3.4
2012/5/18	3.43
2012/5/21	3.47
2012/5/22	3.4
2012/5/23	3.44
2012/5/24	3.44
2012/5/25	3.44
2012/5/28	3.41
2012/5/29	3.41
2012/5/30	3.4
2012/5/31	3.5
2012/6/1	3.344
2012/6/4	3.33
2012/6/5	3.5
2012/6/6	3.4
2012/6/7	3.4
2012/6/8	3.32
2012/6/11	3.38
2012/6/12	3.35
2012/6/13	3.4
2012/6/14	3.4
2012/6/15	3.4
2012/6/18	3.32
2012/6/19	3.42
2012/6/20	3.43
2012/6/21	3.5
2012/6/25	3.38
2012/6/26	3.4
2012/6/27	3.33
2012/6/28	3.33
2012/6/29	3.37
2012/7/2	3.35
2012/7/3	3.33
2012/7/4	3.33
2012/7/5	3.32
2012/7/6	3.33
2012/7/9	3.35
2012/7/10	3.265
2012/7/11	3.26
2012/7/12	3.26
2012/7/13	3.28
2012/7/16	3.29
2012/7/17	3.27
2012/7/18	3.3
2012/7/19	3.25
2012/7/20	3.28
2012/7/23	3.28
2012/7/24	3.26
2012/7/25	3.29
2012/7/26	3.32
2012/7/27	3.28
2012/7/30	3.28
2012/7/31	3.33
2012/8/1	3.28
2012/8/2	3.29
2012/8/3	3.29
2012/8/6	3.33
2012/8/7	3.33
2012/8/8	3.37
2012/8/9	3.36
2012/8/10	3.33
2012/8/13	3.31
2012/8/14	3.33
2012/8/15	3.34
2012/8/16	3.39
2012/8/17	3.38
2012/8/20	3.38
2012/8/21	3.35
2012/8/22	3.35
2012/8/23	3.39
2012/8/24	3.35
2012/8/25	3.35
2012/8/27	3.37
2012/8/28	3.35
2012/8/29	3.349
2012/8/30	3.41
2012/8/31	3.45
2012/9/1	3.45
2012/9/3	3.25
2012/9/4	3.25
2012/9/5	3.29
2012/9/6	3.31
2012/9/7	3.35
2012/9/8	3.35
2012/9/10	3.48
2012/9/11	3.47
2012/9/12	3.52
2012/9/13	3.54
2012/9/14	3.58
2012/9/15	3.58
2012/9/17	3.26
2012/9/18	3.53
2012/9/19	3.46
2012/9/20	3.5
2012/9/21	3.52
2012/9/22	3.52
2012/9/23	3.52
2012/9/24	3.52
2012/9/25	3.54
2012/9/26	3.48
2012/9/27	3.54
2012/9/28	3.5
2012/9/29	3.47
2012/9/30	3.47
2012/10/8	3.5
2012/10/9	3.5
2012/10/10	3.5
2012/10/11	3.51
2012/10/12	3.5
2012/10/13	3.5
2012/10/15	3.49
2012/10/16	3.48
2012/10/17	3.51
2012/10/18	3.5
2012/10/19	3.5
2012/10/20	3.5
2012/10/22	3.54
2012/10/23	3.54
2012/10/24	3.56
2012/10/25	3.61
2012/10/26	3.58
2012/10/27	3.58
2012/10/29	3.47
2012/10/30	3.56
2012/10/31	3.57
2012/11/1	3.62
2012/11/2	3.62
2012/11/3	3.62
2012/11/5	3.64
2012/11/6	3.6
2012/11/7	3.57
2012/11/8	3.6
2012/11/9	3.565
2012/11/10	3.565
2012/11/12	3.61
2012/11/13	3.445
2012/11/14	3.57
2012/11/15	3.53
2012/11/16	3.6
2012/11/17	3.6
2012/11/19	3.56
2012/11/20	3.53
2012/11/21	3.5
2012/11/22	3.56
2012/11/23	3.51
2012/11/24	3.51
2012/11/26	3.5
2012/11/27	3.57
2012/11/28	3.56
2012/11/29	3.6
2012/11/30	3.572
2012/12/3	3.6
2012/12/4	3.5
2012/12/5	3.56
2012/12/6	3.55
2012/12/7	3.6
2012/12/10	3.55
2012/12/11	3.57
2012/12/12	3.57
2012/12/13	3.6
2012/12/14	3.5
2012/12/17	3.6
2012/12/18	3.58
2012/12/19	3.58
2012/12/20	3.61
2012/12/21	3.62
2012/12/22	3.62
2012/12/23	3.62
2012/12/24	3.62
2012/12/25	3.585
2012/12/26	3.53
2012/12/27	3.6
2012/12/28	3.53
2012/12/30	3.53
2012/12/31	3.575
2013/1/1	3.575
2013/1/4	3.61
2013/1/5	3.62
2013/1/6	3.55
2013/1/7	3.59
2013/1/8	3.6
2013/1/9	3.58
2013/1/10	3.59
2013/1/11	3.6
2013/1/13	3.6
2013/1/14	3.64
2013/1/15	3.59
2013/1/16	3.6
2013/1/17	3.57
2013/1/18	3.57
2013/1/21	3.58
2013/1/22	3.57
2013/1/23	3.6
2013/1/24	3.6
2013/1/25	3.59
2013/1/28	3.65
2013/1/29	3.57
2013/1/30	3.65
2013/1/31	3.6
2013/2/1	3.59
2013/2/4	3.61
2013/2/5	3.6
2013/2/6	3.64
2013/2/7	3.6
2013/2/8	3.585
2013/2/9	3.585
2013/2/13	3.585
2013/2/14	3.585
2013/2/16	3.583
2013/2/17	3.583
2013/2/18	3.6
2013/2/19	3.585
2013/2/20	3.58
2013/2/21	3.6
2013/2/22	3.578
2013/2/25	3.62
2013/2/26	3.6
2013/2/27	3.585
2013/2/28	3.6
2013/3/1	3.67
2013/3/4	3.67
2013/3/5	3.58
2013/3/6	3.59
2013/3/7	3.6
2013/3/8	3.647
2013/3/11	3.585
2013/3/12	3.618
2013/3/13	3.59
2013/3/14	3.63
2013/3/15	3.39
2013/3/17	3.39
2013/3/18	3.605
2013/3/19	3.607
2013/3/20	3.6
2013/3/21	3.627
2013/3/22	3.389
2013/3/25	3.377
2013/3/26	3.57
2013/3/27	3.63
2013/3/28	3.58
2013/3/29	3.444
2013/4/1	3.567
2013/4/2	3.55
2013/4/3	3.52
2013/4/7	3.61
2013/4/8	3.54
2013/4/9	3.46
2013/4/10	3.431
2013/4/11	3.412
2013/4/12	3.505
2013/4/15	3.55
2013/4/16	3.55
2013/4/17	3.421
2013/4/18	3.446
2013/4/19	3.355
2013/4/22	3.493
2013/4/23	3.419
2013/4/24	3.426
2013/4/25	3.454
2013/4/26	3.5
2013/4/27	3.5
2013/4/29	3.447
2013/5/2	3.292
2013/5/3	3.453
2013/5/6	3.373
2013/5/7	3.43
2013/5/8	3.37
2013/5/9	3.48
2013/5/10	3.48
2013/5/13	3.565
2013/5/14	3.44
2013/5/15	3.47
2013/5/16	3.43
2013/5/17	3.43
2013/5/20	3.47
2013/5/21	3.5
2013/5/22	3.43
2013/5/23	3.46
2013/5/24	3.48
2013/5/25	3.48
2013/5/27	3.48
2013/5/28	3.47
2013/5/29	3.45
2013/5/30	3.47
2013/5/31	3.445
2013/6/3	3.44
2013/6/4	3.47
2013/6/5	3.45
2013/6/6	3.51
2013/6/7	3.5
2013/6/8	3.48
2013/6/9	3.44
2013/6/13	3.44
2013/6/14	3.49
2013/6/16	3.49
2013/6/17	3.5
2013/6/18	3.5
2013/6/19	3.55
2013/6/20	3.48
2013/6/21	3.62
2013/6/23	3.62
2013/6/24	3.65
2013/6/25	3.62
2013/6/26	3.61
2013/6/27	3.58
2013/6/28	3.6
2013/7/1	3.6
2013/7/2	3.6
2013/7/3	3.51
2013/7/4	3.6
2013/7/5	3.61
2013/7/8	3.6
2013/7/9	3.6
2013/7/10	3.51
2013/7/11	3.6
2013/7/12	3.61
2013/7/15	3.6
2013/7/16	3.649
2013/7/17	3.717
2013/7/18	3.72
2013/7/19	3.72
2013/7/22	3.76
2013/7/23	3.75
2013/7/24	3.85
2013/7/25	3.6
2013/7/26	3.72
2013/7/29	3.6
2013/7/30	3.75
2013/7/31	3.6
2013/8/1	3.72
2013/8/2	3.6
2013/8/5	3.72
2013/8/6	3.75
2013/8/7	3.8
2013/8/8	3.849
2013/8/9	3.84
2013/8/10	3.84
2013/8/11	3.84
2013/8/12	3.84
2013/8/13	3.959
2013/8/14	3.95
2013/8/15	4
2013/8/16	3.95
2013/8/19	4
2013/8/20	4.03
2013/8/21	4.09
2013/8/22	4.06
2013/8/23	4.05
2013/8/26	3.96
2013/8/27	3.98
2013/8/28	4.06
2013/8/29	4.01
2013/8/30	4.05
2013/9/1	4.05
2013/9/2	3.98
2013/9/3	4.01
2013/9/4	4.07
2013/9/5	4.07
2013/9/6	4.08
2013/9/7	4.08
2013/9/8	4.08
2013/9/9	4.06
2013/9/10	4.02
2013/9/11	4.05
2013/9/12	4.07
2013/9/13	4.14
2013/9/15	4.14
2013/9/16	4.1
2013/9/17	4.13
2013/9/18	4.05
2013/9/22	4.02
2013/9/23	4.02
2013/9/24	4.02
2013/9/25	4.06
2013/9/26	4.02
2013/9/27	4.05
2013/9/29	4
2013/9/30	4.05
2013/10/8	4
2013/10/9	4.05
2013/10/10	4.06
2013/10/11	4.05
2013/10/12	4.06
2013/10/14	4.02
2013/10/15	4.02
2013/10/16	4.18
2013/10/17	4.14
2013/10/18	4.1
2013/10/21	4.11
2013/10/22	4.02
2013/10/23	4.16
2013/10/24	4.16
2013/10/25	4.16
2013/10/27	4.16
2013/10/28	4.22
2013/10/29	4.23
2013/10/30	4.16
2013/10/31	4.22
2013/11/1	4.05
2013/11/3	4.05
2013/11/4	4.25
2013/11/5	4.23
2013/11/6	4.28
2013/11/7	4.27
2013/11/8	4.27
2013/11/11	4.27
2013/11/12	4.47
2013/11/13	4.5
2013/11/14	4.5
2013/11/15	4.43
2013/11/17	4.43
2013/11/18	4.48
2013/11/19	4.62
2013/11/20	4.55
2013/11/21	4.65
2013/11/22	4.71
2013/11/25	4.71
2013/11/26	4.71
2013/11/27	4.6
2013/11/28	4.576
2013/11/29	4.397
2013/12/2	4.37
2013/12/3	4.51
2013/12/4	4.51
2013/12/5	4.51
2013/12/6	4.46
2013/12/9	4.54
2013/12/10	4.56
2013/12/11	4.61
2013/12/12	4.64
2013/12/13	4.64
2013/12/16	4.56
2013/12/17	4.58
2013/12/18	4.61
2013/12/19	4.57
2013/12/20	4.63
2013/12/23	4.61
2013/12/24	4.6
2013/12/25	4.63
2013/12/26	4.61
2013/12/27	4.63
2013/12/30	4.61
2013/12/31	4.63
2014/1/2	4.64
2014/1/3	4.57
2014/1/6	4.6
2014/1/7	4.71
2014/1/8	4.66
2014/1/9	4.64
2014/1/10	4.6
2014/1/13	4.6
2014/1/14	4.6
2014/1/15	4.61
2014/1/16	4.6
2014/1/17	4.55
2014/1/20	4.62
2014/1/21	4.58
2014/1/22	4.55
2014/1/23	4.57
2014/1/24	4.55
2014/1/26	4.56
2014/1/27	4.52
2014/1/28	4.52
2014/1/29	4.48
2014/1/30	4.55
2014/2/4	4.55
2014/2/7	4.55
2014/2/8	4.55
2014/2/10	4.48
2014/2/11	4.495
2014/2/12	4.499
2014/2/13	4.49
2014/2/14	4.5
2014/2/17	4.52
2014/2/18	4.56
2014/2/19	4.6
2014/2/20	4.54
2014/2/21	4.54
2014/2/24	4.51
2014/2/25	4.58
2014/2/26	4.43
2014/2/27	4.45
2014/2/28	4.42
2014/3/3	4.38
2014/3/4	4.5
2014/3/5	4.52
2014/3/6	4.49
2014/3/7	4.51
2014/3/9	4.51
2014/3/10	4.48
2014/3/11	4.51
2014/3/12	4.49
2014/3/13	4.5
2014/3/14	4.48
2014/3/17	4.45
2014/3/18	4.48
2014/3/19	4.43
2014/3/20	4.45
2014/3/21	4.48
2014/3/24	4.5
2014/3/25	4.52
2014/3/26	4.5
2014/3/27	4.52
2014/3/28	4.52
2014/3/31	4.48
2014/4/1	4.52
2014/4/2	4.5
2014/4/3	4.56
2014/4/4	4.55
2014/4/8	4.55
2014/4/9	4.57
2014/4/10	4.51
2014/4/11	4.55
2014/4/14	4.51
2014/4/15	4.51
2014/4/16	4.42
2014/4/17	4.44
2014/4/18	4.42
2014/4/21	4.29
2014/4/22	4.4
2014/4/23	4.39
2014/4/24	4.37
2014/4/25	4.36
2014/4/28	4.33
2014/4/29	4.35
2014/4/30	4.33
2014/5/4	4.3
2014/5/5	4.3
2014/5/6	4.35
2014/5/7	4.35
2014/5/8	4.212
2014/5/9	4.126
2014/5/12	4.14
2014/5/13	4.13
2014/5/14	4.2
2014/5/15	4.23
2014/5/16	4.2
2014/5/19	4.15
2014/5/20	4.19
2014/5/21	4.21
2014/5/22	4.13
2014/5/23	4.13
2014/5/25	4.13
2014/5/26	4.21
2014/5/27	4.19
2014/5/28	4.19
2014/5/29	4.14
2014/5/30	4.16
2014/6/3	4.05
2014/6/4	4.05
2014/6/5	4.01
2014/6/6	4.1
2014/6/9	4.08
2014/6/10	4.08
2014/6/11	4.08
2014/6/12	4.1
2014/6/13	4.08
2014/6/16	4.09
2014/6/17	4.07
2014/6/18	4.08
2014/6/19	4.05
2014/6/20	4.07
2014/6/23	4.05
2014/6/24	4.068
2014/6/25	4.08
2014/6/26	4.08
2014/6/27	4.08
2014/6/30	4.06
2014/7/1	4.07
2014/7/2	4.09
2014/7/3	4.15
2014/7/4	4.14
2014/7/7	4.16
2014/7/8	4.18
2014/7/9	4.13
2014/7/10	4.15
2014/7/11	4.14
2014/7/12	4.14
2014/7/14	4.13
2014/7/15	4.18
2014/7/16	4.18
2014/7/17	4.22
2014/7/18	4.26
2014/7/20	4.26
2014/7/21	4.3
2014/7/22	4.3
2014/7/23	4.302
2014/7/24	4.301
2014/7/25	4.306
2014/7/27	4.306
2014/7/28	4.299
2014/7/29	4.296
2014/7/30	4.299
2014/7/31	4.298
2014/8/1	4.29
2014/8/2	4.25
2014/8/4	4.279
2014/8/5	4.277
2014/8/6	4.281
2014/8/7	4.277
2014/8/8	4.279
2014/8/10	4.279
2014/8/11	4.284
2014/8/12	4.293
2014/8/13	4.288
2014/8/14	4.278
2014/8/15	4.227
2014/8/16	4.22
2014/8/18	4.234
2014/8/19	4.244
2014/8/20	4.264
2014/8/21	4.27
2014/8/22	4.268
2014/8/25	4.267
2014/8/26	4.26
2014/8/27	4.255
2014/8/28	4.252
2014/8/29	4.248
2014/8/31	4.248
2014/9/1	4.254
2014/9/2	4.26
2014/9/3	4.266
2014/9/4	4.277
2014/9/5	4.285
2014/9/7	4.295
2014/9/9	4.293
2014/9/10	4.293
2014/9/11	4.298
2014/9/12	4.298
2014/9/13	4.29
2014/9/15	4.289
2014/9/16	4.279
2014/9/17	4.274
2014/9/18	4.21
2014/9/19	4.132
2014/9/22	4.053
2014/9/23	4.043
2014/9/24	4.037
2014/9/25	4.049
2014/9/26	4.028
2014/9/27	4.028
2014/9/28	4.028
2014/9/29	4.041
2014/9/30	4.028
2014/10/8	4.029
2014/10/9	4.044
2014/10/10	4.047
2014/10/11	4.047
2014/10/13	4.024
2014/10/14	4.002
2014/10/15	3.958
2014/10/16	3.871
2014/10/17	3.842
2014/10/20	3.836
2014/10/21	3.806
2014/10/22	3.799
2014/10/23	3.815
2014/10/24	3.818
2014/10/25	3.8
2014/10/27	3.813
2014/10/28	3.798
2014/10/29	3.774
2014/10/30	3.77
2014/10/31	3.786
2014/11/3	3.767
2014/11/4	3.741
2014/11/5	3.66
2014/11/6	3.654
2014/11/7	3.635
2014/11/10	3.59
2014/11/11	3.563
2014/11/12	3.549
2014/11/13	3.599
2014/11/14	3.619
2014/11/16	3.619
2014/11/17	3.66
2014/11/18	3.656
2014/11/19	3.643
2014/11/20	3.661
2014/11/21	3.671
2014/11/22	3.677
2014/11/24	3.669
2014/11/25	3.516
2014/11/26	3.539
2014/11/27	3.548
2014/11/28	3.546
2014/11/29	3.515
2014/11/30	3.515
2014/12/1	3.545
2014/12/2	3.546
2014/12/3	3.582
2014/12/4	3.625
2014/12/5	3.684
2014/12/8	3.799
2014/12/9	3.799
2014/12/10	3.78
2014/12/11	3.761
2014/12/12	3.767
2014/12/14	3.767
2014/12/15	3.773
2014/12/16	3.792
2014/12/17	3.779
2014/12/18	3.77
2014/12/19	3.779
2014/12/22	3.748
2014/12/23	3.721
2014/12/24	3.661
2014/12/25	3.633
2014/12/26	3.649
2014/12/28	3.649
2014/12/29	3.649
2014/12/30	3.645
2014/12/31	3.648
2015/1/1	3.648
2015/1/4	3.65
2015/1/5	3.647
2015/1/6	3.654
2015/1/7	3.658
2015/1/8	3.663
2015/1/9	3.661
2015/1/12	3.659
2015/1/13	3.655
2015/1/14	3.594
2015/1/15	3.57
2015/1/16	3.563
2015/1/19	3.523
2015/1/20	3.5
2015/1/21	3.491
2015/1/22	3.484
2015/1/23	3.472
2015/1/26	3.468
2015/1/27	3.462
2015/1/28	3.47
2015/1/29	3.5
2015/1/30	3.514
2015/2/1	3.514
2015/2/2	3.501
2015/2/3	3.485
2015/2/4	3.475
2015/2/5	3.471
2015/2/6	3.441
2015/2/9	3.454
2015/2/10	3.441
2015/2/11	3.437
2015/2/12	3.409
2015/2/13	3.403
2015/2/15	3.38
2015/2/16	3.378
2015/2/17	3.358
2015/2/19	3.358
2015/2/25	3.351
2015/2/26	3.36
2015/2/27	3.375
2015/2/28	3.379
2015/3/2	3.382
2015/3/3	3.41
2015/3/4	3.435
2015/3/5	3.456
2015/3/6	3.484
2015/3/7	3.47
2015/3/9	3.488
2015/3/10	3.517
2015/3/11	3.526
2015/3/12	3.467
2015/3/13	3.471
2015/3/16	3.504
2015/3/17	3.534
2015/3/18	3.557
2015/3/19	3.562
2015/3/20	3.546
2015/3/23	3.522
2015/3/24	3.518
2015/3/25	3.51
2015/3/26	3.532
2015/3/27	3.562
2015/3/30	3.596
2015/3/31	3.623
2015/4/1	3.662
2015/4/2	3.623
2015/4/3	3.577
2015/4/6	3.59
2015/4/7	3.601
2015/4/8	3.626
2015/4/9	3.705
2015/4/10	3.721
2015/4/13	3.706
2015/4/14	3.686
2015/4/15	3.657
2015/4/16	3.614
2015/4/17	3.582
2015/4/20	3.579
2015/4/21	3.484
2015/4/22	3.439
2015/4/23	3.444
2015/4/24	3.456
2015/4/27	3.463
2015/4/28	3.433
2015/4/29	3.418
2015/4/30	3.422
2015/5/4	3.392
2015/5/5	3.408
2015/5/6	3.428
2015/5/7	3.467
2015/5/8	3.451
2015/5/11	3.423
2015/5/12	3.416
2015/5/13	3.431
2015/5/14	3.434
2015/5/15	3.414
2015/5/18	3.423
2015/5/19	3.446
2015/5/20	3.463
2015/5/21	3.46
2015/5/22	3.452
2015/5/25	3.46
2015/5/26	3.472
2015/5/27	3.549
2015/5/28	3.549
2015/5/29	3.591
2015/5/30	3.591
2015/6/1	3.634
2015/6/2	3.668
2015/6/3	3.62
2015/6/4	3.63
2015/6/5	3.612
2015/6/7	3.612
2015/6/8	3.608
2015/6/9	3.59
2015/6/10	3.59
2015/6/11	3.619
2015/6/12	3.643
2015/6/15	3.658
2015/6/16	3.658
2015/6/17	3.626
2015/6/18	3.626
2015/6/19	3.597
2015/6/23	3.613
2015/6/24	3.631
2015/6/25	3.636
2015/6/26	3.63
2015/6/29	3.634
2015/6/30	3.629
2015/7/1	3.627
2015/7/2	3.64
2015/7/3	3.644
2015/7/6	3.59
2015/7/7	3.511
2015/7/8	3.472
2015/7/9	3.463
2015/7/10	3.473
2015/7/13	3.492
2015/7/14	3.533
2015/7/15	3.561
2015/7/16	3.565
2015/7/17	3.546
2015/7/18	3.546
2015/7/20	3.538
2015/7/21	3.529
2015/7/22	3.544
2015/7/23	3.537
2015/7/24	3.501
2015/7/27	3.484
2015/7/28	3.484
2015/7/29	3.467
2015/7/30	3.457
2015/7/31	3.474
2015/8/3	3.504
2015/8/4	3.497
2015/8/5	3.498
2015/8/6	3.5
2015/8/7	3.49
2015/8/10	3.487
2015/8/11	3.51
2015/8/12	3.558
2015/8/13	3.564
2015/8/14	3.541
2015/8/17	3.538
2015/8/18	3.548
2015/8/19	3.534
2015/8/20	3.546
2015/8/21	3.538
2015/8/24	3.523
2015/8/25	3.499
2015/8/26	3.48
2015/8/27	3.453
2015/8/28	3.416
2015/8/31	3.394
2015/9/1	3.353
2015/9/2	3.333
2015/9/5	3.333
2015/9/6	3.334
2015/9/7	3.354
2015/9/8	3.366
2015/9/9	3.389
2015/9/10	3.376
2015/9/11	3.373
2015/9/14	3.361
2015/9/15	3.359
2015/9/16	3.341
2015/9/17	3.344
2015/9/18	3.351
2015/9/21	3.343
2015/9/22	3.354
2015/9/23	3.348
2015/9/24	3.363
2015/9/25	3.347
2015/9/27	3.347
2015/9/28	3.34
2015/9/29	3.317
2015/9/30	3.276
2015/10/3	3.276
2015/10/8	3.264
2015/10/9	3.263
2015/10/10	3.18
2015/10/12	3.192
2015/10/13	3.183
2015/10/14	3.134
2015/10/15	3.075
2015/10/16	3.115
2015/10/18	3.115
2015/10/19	3.15
2015/10/20	3.144
2015/10/21	3.09
2015/10/22	3.089
2015/10/23	3.08
2015/10/26	3.073
2015/10/27	3.039
2015/10/28	3.011
2015/10/29	3.019
2015/10/30	3.087
2015/11/2	3.092
2015/11/3	3.085
2015/11/4	3.115
2015/11/5	3.161
2015/11/6	3.152
2015/11/9	3.159
2015/11/10	3.248
2015/11/11	3.226
2015/11/12	3.187
2015/11/13	3.195
2015/11/16	3.161
2015/11/17	3.169
2015/11/18	3.163
2015/11/19	3.174
2015/11/20	3.168
2015/11/22	3.168
2015/11/23	3.159
2015/11/24	3.159
2015/11/25	3.14
2015/11/26	3.116
2015/11/27	3.088
2015/11/30	3.088
2015/12/1	3.074
2015/12/2	3.081
2015/12/3	3.078
2015/12/4	3.067
2015/12/7	3.061
2015/12/8	3.059
2015/12/9	3.035
2015/12/10	3.027
2015/12/11	3.029
2015/12/14	3.029
2015/12/15	3.061
2015/12/16	3.047
2015/12/17	3.024
2015/12/18	3.01
2015/12/21	2.963
2015/12/22	2.912
2015/12/23	2.889
2015/12/24	2.871
2015/12/25	2.832
2015/12/28	2.84
2015/12/29	2.833
2015/12/30	2.842
2015/12/31	2.862
2016/1/4	2.862
2016/1/5	2.91
2016/1/6	2.919
2016/1/7	2.918
2016/1/8	2.883
2016/1/10	2.883
2016/1/11	2.867
2016/1/12	2.847
2016/1/13	2.819
2016/1/14	2.76
2016/1/15	2.788
2016/1/18	2.783
2016/1/19	2.806
2016/1/20	2.816
2016/1/21	2.821
2016/1/22	2.817
2016/1/25	2.816
2016/1/26	2.869
2016/1/27	2.896
2016/1/28	2.926
2016/1/29	2.909
2016/2/1	2.87
2016/2/2	2.877
2016/2/3	2.908
2016/2/4	2.918
2016/2/5	2.892
2016/2/6	2.886
2016/2/14	2.881
2016/2/15	2.852
2016/2/16	2.872
2016/2/17	2.871
2016/2/18	2.871
2016/2/19	2.871
2016/2/22	2.864
2016/2/23	2.886
2016/2/24	2.893
2016/2/25	2.902
2016/2/26	2.919
2016/2/29	2.909
2016/3/1	2.91
2016/3/2	2.904
2016/3/3	2.933
2016/3/4	2.933
2016/3/7	2.936
2016/3/8	2.951
2016/3/9	2.95
2016/3/10	2.938
2016/3/11	2.909
2016/3/14	2.894
2016/3/15	2.893
2016/3/16	2.893
2016/3/17	2.876
2016/3/18	2.886
2016/3/21	2.88
2016/3/22	2.897
2016/3/23	2.895
2016/3/24	2.9
2016/3/25	2.897
2016/3/28	2.904
2016/3/29	2.919
2016/3/30	2.904
2016/3/31	2.886
2016/4/1	2.889
2016/4/4	2.889
2016/4/5	2.891
2016/4/6	2.91
2016/4/7	2.914
2016/4/8	2.935
2016/4/11	2.916
2016/4/12	2.916
2016/4/13	2.937
2016/4/14	2.947
2016/4/15	2.947
2016/4/18	2.943
2016/4/19	2.941
2016/4/20	2.945
2016/4/21	2.964
2016/4/22	2.962
2016/4/25	2.973
2016/4/26	2.972
2016/4/27	2.96
2016/4/28	2.953
2016/4/29	2.946
2016/5/3	2.939
2016/5/4	2.926
2016/5/5	2.927
2016/5/6	2.93
2016/5/9	2.923
2016/5/10	2.911
2016/5/11	2.928
2016/5/12	2.932
2016/5/13	2.928
2016/5/16	2.936
2016/5/17	2.953
2016/5/18	2.954
2016/5/19	2.99
2016/5/20	2.991
2016/5/23	2.977
2016/5/24	2.982
2016/5/25	2.976
2016/5/26	2.973
2016/5/27	2.972
2016/5/30	2.983
2016/5/31	2.995
2016/6/1	3.011
2016/6/2	3.024
2016/6/3	3.035
2016/6/6	3.032
2016/6/7	3.016
2016/6/8	3.02
2016/6/11	3.02
2016/6/12	3.033
2016/6/13	3.027
2016/6/14	3.014
2016/6/15	2.999
2016/6/16	2.977
2016/6/17	2.966
2016/6/20	2.966
2016/6/21	2.968
2016/6/22	2.962
2016/6/23	2.956
2016/6/24	2.95
2016/6/27	2.903
2016/6/28	2.863
2016/6/29	2.881
2016/6/30	2.875
2016/7/1	2.851
2016/7/3	2.82
2016/7/4	2.836
2016/7/5	2.859
2016/7/6	2.86
2016/7/7	2.843
2016/7/8	2.825
2016/7/10	2.82
2016/7/11	2.831
2016/7/12	2.854
2016/7/13	2.866
2016/7/14	2.871
2016/7/15	2.857
2016/7/18	2.85
2016/7/19	2.849
2016/7/20	2.836
2016/7/21	2.814
2016/7/22	2.803
2016/7/25	2.814
2016/7/26	2.824
2016/7/27	2.819
2016/7/28	2.813
2016/7/29	2.805
2016/8/1	2.8
2016/8/2	2.796
2016/8/3	2.796
2016/8/4	2.794
2016/8/5	2.782
2016/8/6	2.782
2016/8/8	2.773
2016/8/9	2.762
2016/8/10	2.723
2016/8/11	2.714
2016/8/12	2.705
2016/8/13	2.705
2016/8/14	2.705
2016/8/15	2.69
2016/8/16	2.679
2016/8/17	2.711
2016/8/18	2.713
2016/8/19	2.72
2016/8/22	2.739
2016/8/23	2.754
2016/8/24	2.774
2016/8/25	2.782
2016/8/26	2.764
2016/8/29	2.76
2016/8/30	2.793
2016/8/31	2.805
2016/9/1	2.802
2016/9/2	2.799
2016/9/3	2.798
2016/9/5	2.799
2016/9/6	2.803
2016/9/7	2.811
2016/9/8	2.823
2016/9/9	2.809
2016/9/12	2.811
2016/9/13	2.811
2016/9/14	2.797
2016/9/15	2.805
2016/9/16	2.785
2016/9/17	2.785
2016/9/18	2.808
2016/9/19	2.801
2016/9/20	2.789
2016/9/21	2.787
2016/9/22	2.786
2016/9/23	2.781
2016/9/24	2.781
2016/9/25	2.781
2016/9/26	2.766
2016/9/27	2.758
2016/9/28	2.758
2016/9/29	2.763
2016/9/30	2.769
2016/10/8	2.765
2016/10/9	2.744
2016/10/10	2.732
2016/10/11	2.726
2016/10/12	2.742
2016/10/13	2.744
2016/10/14	2.735
2016/10/15	2.735
2016/10/17	2.736
2016/10/18	2.734
2016/10/19	2.723
2016/10/20	2.702
2016/10/21	2.66
2016/10/24	2.7
2016/10/25	2.717
2016/10/26	2.735
2016/10/27	2.742
2016/10/28	2.725
2016/10/31	2.744
2016/11/1	2.756
2016/11/2	2.753
2016/11/3	2.743
2016/11/4	2.744
2016/11/7	2.759
2016/11/8	2.768
2016/11/9	2.779
2016/11/10	2.794
2016/11/11	2.829
2016/11/14	2.857
2016/11/15	2.879
2016/11/16	2.875
2016/11/17	2.899
2016/11/18	2.921
2016/11/21	2.907
2016/11/22	2.898
2016/11/23	2.881
2016/11/24	2.862
2016/11/25	2.876
2016/11/28	2.875
2016/11/29	2.907
2016/11/30	2.943
2016/12/1	2.992
2016/12/2	3.026
2016/12/5	3.04
2016/12/6	3.085
2016/12/7	3.115
2016/12/8	3.1
2016/12/9	3.097
2016/12/12	3.135
2016/12/13	3.182
2016/12/14	3.218
2016/12/15	3.227
2016/12/16	3.33
2016/12/19	3.342
2016/12/20	3.387
2016/12/21	3.383
2016/12/22	3.278
2016/12/23	3.215
2016/12/26	3.193
2016/12/27	3.178
2016/12/28	3.187
2016/12/29	3.126
2016/12/30	3.066
2017/1/3	3.058
2017/1/4	3.149
2017/1/5	3.215
2017/1/6	3.228
2017/1/9	3.208
2017/1/10	3.193
2017/1/11	3.22
2017/1/12	3.216
2017/1/13	3.218
2017/1/16	3.234
2017/1/17	3.26
2017/1/18	3.277
2017/1/19	3.284
2017/1/20	3.281
2017/1/22	3.282
2017/1/23	3.283
2017/1/24	3.296
2017/1/25	3.334
2017/1/26	3.363
2017/1/27	3.363
2017/2/3	3.398
2017/2/4	3.425
2017/2/6	3.455
2017/2/7	3.486
2017/2/8	3.47
2017/2/9	3.451
2017/2/10	3.429
2017/2/13	3.445
2017/2/14	3.448
2017/2/15	3.449
2017/2/16	3.448
2017/2/17	3.413
2017/2/20	3.375
2017/2/21	3.385
2017/2/22	3.379
2017/2/23	3.362
2017/2/24	3.365
2017/2/27	3.35
2017/2/28	3.358
2017/3/1	3.375
2017/3/2	3.41
2017/3/3	3.422
2017/3/6	3.381
2017/3/7	3.386
2017/3/8	3.4
2017/3/9	3.436
2017/3/10	3.436
2017/3/13	3.429
2017/3/14	3.401
2017/3/15	3.385
2017/3/16	3.355
2017/3/17	3.331
2017/3/18	3.331
2017/3/20	3.338
2017/3/21	3.335
2017/3/22	3.338
2017/3/23	3.331
2017/3/24	3.306
2017/3/26	3.306
2017/3/27	3.276
2017/3/28	3.274
2017/3/29	3.292
2017/3/30	3.304
2017/3/31	3.31
2017/4/1	3.298
2017/4/3	3.298
2017/4/5	3.308
2017/4/6	3.33
2017/4/7	3.303
2017/4/10	3.322
2017/4/11	3.336
2017/4/12	3.342
2017/4/13	3.343
2017/4/14	3.359
2017/4/17	3.401
2017/4/18	3.434
2017/4/19	3.433
2017/4/20	3.435
2017/4/21	3.454
2017/4/22	3.454
2017/4/24	3.493
2017/4/25	3.512
2017/4/26	3.475
2017/4/27	3.469
2017/4/28	3.477
2017/5/2	3.497
2017/5/3	3.513
2017/5/4	3.551
2017/5/5	3.574
2017/5/7	3.574
2017/5/8	3.601
2017/5/9	3.64
2017/5/10	3.669
2017/5/11	3.703
2017/5/12	3.669
2017/5/15	3.663
2017/5/16	3.649
2017/5/17	3.645
2017/5/18	3.65
2017/5/19	3.637
2017/5/22	3.662
2017/5/23	3.689
2017/5/24	3.7
2017/5/25	3.689
2017/5/26	3.684
2017/5/27	3.68
2017/5/31	3.67
2017/6/1	3.644
2017/6/2	3.65
2017/6/5	3.651
2017/6/6	3.65
2017/6/7	3.664
2017/6/8	3.667
2017/6/9	3.668
2017/6/12	3.617
2017/6/13	3.57
2017/6/14	3.562
2017/6/15	3.531
2017/6/16	3.556
2017/6/17	3.559
2017/6/18	3.54
2017/6/19	3.545
2017/6/20	3.489
2017/6/21	3.502
2017/6/22	3.552
2017/6/23	3.57
2017/6/24	3.57
2017/6/25	3.57
2017/6/26	3.566
2017/6/27	3.535
2017/6/28	3.54
2017/6/29	3.559
2017/6/30	3.578
2017/7/1	3.578
2017/7/2	3.578
2017/7/3	3.598
2017/7/4	3.623
2017/7/5	3.622
2017/7/6	3.596
2017/7/7	3.597
2017/7/10	3.609
2017/7/11	3.609
2017/7/12	3.597
2017/7/13	3.587
2017/7/14	3.585
2017/7/16	3.585
2017/7/17	3.582
2017/7/18	3.593
2017/7/19	3.598
2017/7/20	3.6
2017/7/21	3.593
2017/7/24	3.599
2017/7/25	3.598
2017/7/26	3.622
2017/7/27	3.632
2017/7/28	3.622
2017/7/31	3.629
2017/8/1	3.646
2017/8/2	3.648
2017/8/3	3.644
2017/8/4	3.638
2017/8/6	3.638
2017/8/7	3.658
2017/8/8	3.68
2017/8/9	3.68
2017/8/10	3.676
2017/8/11	3.64
2017/8/14	3.631
2017/8/15	3.618
2017/8/16	3.624
2017/8/17	3.617
2017/8/18	3.641
2017/8/19	3.641
2017/8/20	3.645
2017/8/21	3.649
2017/8/22	3.665
2017/8/23	3.675
2017/8/24	3.675
2017/8/25	3.685
2017/8/28	3.702
2017/8/29	3.694
2017/8/30	3.683
2017/8/31	3.675
2017/9/1	3.682
2017/9/2	3.682
2017/9/4	3.655
2017/9/5	3.678
2017/9/6	3.677
2017/9/7	3.64
2017/9/8	3.625
2017/9/11	3.621
2017/9/12	3.633
2017/9/13	3.644
2017/9/14	3.638
2017/9/15	3.609
2017/9/18	3.622
2017/9/19	3.638
2017/9/20	3.635
2017/9/21	3.642
2017/9/22	3.64
2017/9/25	3.643
2017/9/26	3.62
2017/9/27	3.633
2017/9/28	3.63
2017/9/29	3.632
2017/9/30	3.638
2017/10/3	3.638
2017/10/9	3.653
2017/10/10	3.668
2017/10/11	3.674
2017/10/12	3.677
2017/10/13	3.682
2017/10/16	3.704
2017/10/17	3.735
2017/10/18	3.748
2017/10/19	3.733
2017/10/20	3.734
2017/10/22	3.734
2017/10/23	3.734
2017/10/24	3.733
2017/10/25	3.767
2017/10/26	3.793
2017/10/27	3.824
2017/10/29	3.824
2017/10/30	3.89
2017/10/31	3.916
2017/11/1	3.882
2017/11/2	3.889
2017/11/3	3.9
2017/11/6	3.878
2017/11/7	3.896
2017/11/8	3.893
2017/11/9	3.903
2017/11/10	3.918
2017/11/11	3.925
2017/11/12	3.93
2017/11/13	3.965
2017/11/14	3.988
2017/11/15	3.968
2017/11/16	3.937
2017/11/17	3.947
2017/11/20	3.963
2017/11/21	3.963
2017/11/22	3.993
2017/11/23	4.003
2017/11/24	3.983
2017/11/25	3.994
2017/11/26	3.955
2017/11/27	3.982
2017/11/28	3.976
2017/11/29	3.948
2017/11/30	3.917
2017/12/1	3.913
2017/12/2	3.913
2017/12/3	3.89
2017/12/4	3.91
2017/12/5	3.904
2017/12/6	3.897
2017/12/7	3.899
2017/12/8	3.915
2017/12/9	3.92
2017/12/11	3.943
2017/12/12	3.97
2017/12/13	3.96
2017/12/14	3.94
2017/12/15	3.925
2017/12/16	3.925
2017/12/18	3.908
2017/12/19	3.907
2017/12/20	3.917
2017/12/21	3.921
2017/12/22	3.916
2017/12/25	3.915
2017/12/26	3.902
2017/12/27	3.913
2017/12/28	3.913
2017/12/29	3.915
2018/1/2	3.918
2018/1/3	3.92
2018/1/4	3.938
2018/1/5	3.935
2018/1/8	3.924
2018/1/9	3.92
2018/1/10	3.93
2018/1/11	3.958
2018/1/12	3.967
2018/1/15	4.015
2018/1/16	4.024
2018/1/17	4.03
2018/1/18	4.039
2018/1/19	4.06
2018/1/22	4.071
2018/1/23	3.97
2018/1/24	3.962
2018/1/25	3.955
2018/1/26	3.952
2018/1/29	3.958
2018/1/30	3.954
2018/1/31	3.944
2018/2/1	3.931
2018/2/2	3.925
2018/2/5	3.925
2018/2/6	3.917
2018/2/7	3.903
2018/2/8	3.898
2018/2/9	3.902
2018/2/10	3.902
2018/2/11	3.91
2018/2/12	3.907
2018/2/13	3.915
2018/2/14	3.9
2018/2/18	3.9
2018/2/22	3.897
2018/2/23	3.895
2018/2/24	3.896
2018/2/26	3.887
2018/2/27	3.874
2018/2/28	3.857
2018/3/1	3.853
2018/3/2	3.866
2018/3/5	3.863
2018/3/6	3.876
2018/3/7	3.865
2018/3/8	3.851
2018/3/9	3.85
2018/3/12	3.848
2018/3/13	3.857
2018/3/14	3.861
2018/3/15	3.863
2018/3/16	3.858
2018/3/19	3.828
2018/3/20	3.81
2018/3/21	3.804
2018/3/22	3.769
2018/3/23	3.762
2018/3/26	3.742
2018/3/27	3.773
2018/3/28	3.75
2018/3/29	3.77
2018/3/30	3.778
2018/4/2	3.747
2018/4/3	3.748
2018/4/4	3.745
2018/4/6	3.74
2018/4/7	3.74
2018/4/8	3.75
2018/4/9	3.733
2018/4/10	3.728
2018/4/11	3.748
2018/4/12	3.735
2018/4/13	3.74
2018/4/16	3.718
2018/4/17	3.677
2018/4/18	3.607
2018/4/19	3.532
2018/4/20	3.54
2018/4/23	3.603
2018/4/24	3.597
2018/4/25	3.617
2018/4/26	3.64
2018/4/27	3.662
2018/4/28	3.653
2018/5/2	3.68
2018/5/3	3.672
2018/5/4	3.657
2018/5/7	3.658
2018/5/8	3.697
2018/5/9	3.715
2018/5/10	3.721
2018/5/11	3.71
2018/5/14	3.713
2018/5/15	3.723
2018/5/16	3.723
2018/5/17	3.731
2018/5/18	3.722
2018/5/20	3.722
2018/5/21	3.722
2018/5/22	3.705
2018/5/23	3.702
2018/5/24	3.673
2018/5/25	3.685
2018/5/28	3.643
2018/5/29	3.64
2018/5/30	3.621
2018/5/31	3.646
2018/6/1	3.648
2018/6/4	3.667
2018/6/5	3.683
2018/6/6	3.693
2018/6/7	3.693
2018/6/8	3.688
2018/6/11	3.67
2018/6/12	3.688
2018/6/13	3.712
2018/6/14	3.68
2018/6/15	3.647
2018/6/19	3.61
2018/6/20	3.615
2018/6/21	3.603
2018/6/22	3.603
2018/6/25	3.605
2018/6/26	3.603
2018/6/27	3.585
2018/6/28	3.566
2018/6/29	3.543
2018/7/2	3.488
2018/7/3	3.511
2018/7/4	3.522
2018/7/5	3.52
2018/7/6	3.54
2018/7/9	3.548
2018/7/10	3.556
2018/7/11	3.543
2018/7/12	3.535
2018/7/13	3.516
2018/7/16	3.511
2018/7/17	3.501
2018/7/18	3.499
2018/7/19	3.496
2018/7/20	3.508
2018/7/23	3.533
2018/7/24	3.561
2018/7/25	3.573
2018/7/26	3.557
2018/7/27	3.557
2018/7/30	3.535
2018/7/31	3.533
2018/8/1	3.502
2018/8/2	3.487
2018/8/3	3.49
2018/8/6	3.472
2018/8/7	3.495
2018/8/8	3.526
2018/8/9	3.555
2018/8/10	3.574
2018/8/13	3.596
2018/8/14	3.577
2018/8/15	3.589
2018/8/16	3.614
2018/8/17	3.656
2018/8/20	3.668
2018/8/21	3.674
2018/8/22	3.646
2018/8/23	3.624
2018/8/24	3.638
2018/8/27	3.648
2018/8/28	3.645
2018/8/29	3.632
2018/8/30	3.643
2018/8/31	3.6
2018/9/3	3.613
2018/9/4	3.629
2018/9/5	3.639
2018/9/6	3.631
2018/9/7	3.653
2018/9/10	3.67
2018/9/11	3.688
2018/9/12	3.696
2018/9/13	3.683
2018/9/14	3.675
2018/9/17	3.663
2018/9/18	3.667
2018/9/19	3.689
2018/9/20	3.694
2018/9/21	3.713
2018/9/25	3.696
2018/9/26	3.681
2018/9/27	3.662
2018/9/28	3.653
2018/9/29	3.645
2018/9/30	3.655
2018/10/8	3.627
2018/10/9	3.648
2018/10/10	3.628
2018/10/11	3.62
2018/10/12	3.605
2018/10/15	3.617
2018/10/16	3.607
2018/10/17	3.596
2018/10/18	3.578
2018/10/19	3.583
2018/10/22	3.593
2018/10/23	3.601
2018/10/24	3.57
2018/10/25	3.567
2018/10/26	3.552
2018/10/29	3.54
2018/10/30	3.544
2018/10/31	3.533
2018/11/1	3.522
2018/11/2	3.551
2018/11/5	3.558
2018/11/6	3.542
2018/11/7	3.521
2018/11/8	3.51
2018/11/9	3.5
2018/11/12	3.496
2018/11/13	3.502
2018/11/14	3.457
2018/11/15	3.427
2018/11/16	3.366
2018/11/17	3.364
2018/11/18	3.365
2018/11/19	3.383
2018/11/20	3.394
2018/11/21	3.396
2018/11/22	3.403
2018/11/23	3.42
2018/11/26	3.425
2018/11/27	3.442
2018/11/28	3.408
2018/11/29	3.403
2018/11/30	3.398
2018/12/1	3.405
2018/12/2	3.38
2018/12/3	3.397
2018/12/4	3.345
2018/12/5	3.345
2018/12/6	3.329
2018/12/7	3.314
2018/12/8	3.324
2018/12/10	3.309
2018/12/11	3.299
2018/12/12	3.296
2018/12/13	3.34
2018/12/14	3.369
2018/12/17	3.402
2018/12/18	3.409
2018/12/19	3.381
2018/12/20	3.342
2018/12/21	3.355
2018/12/24	3.36
2018/12/25	3.357
2018/12/26	3.339
2018/12/27	3.299
2018/12/28	3.273
2018/12/29	3.27
2019/1/2	3.203
2019/1/3	3.191
2019/1/4	3.176
2019/1/7	3.169
2019/1/8	3.148
2019/1/9	3.13
2019/1/10	3.14
2019/1/11	3.138
2019/1/14	3.142
2019/1/15	3.151
2019/1/16	3.113
2019/1/17	3.091
2019/1/18	3.118
2019/1/21	3.11
2019/1/22	3.13
2019/1/23	3.148
2019/1/24	3.146
2019/1/25	3.157
2019/1/28	3.159
2019/1/29	3.156
2019/1/30	3.144
2019/1/31	3.13
2019/2/1	3.145
2019/2/2	3.135
2019/2/3	3.15
2019/2/11	3.09
2019/2/12	3.093
2019/2/13	3.093
2019/2/14	3.095
2019/2/15	3.09
2019/2/18	3.115
2019/2/19	3.134
2019/2/20	3.145
2019/2/21	3.143
2019/2/22	3.148
2019/2/25	3.178
2019/2/26	3.21
2019/2/27	3.187
2019/2/28	3.208
2019/3/1	3.195
2019/3/4	3.213
2019/3/5	3.228
2019/3/6	3.224
2019/3/7	3.187
2019/3/8	3.159
2019/3/11	3.17
2019/3/12	3.163
2019/3/13	3.159
2019/3/14	3.164
2019/3/15	3.155
2019/3/18	3.153
2019/3/19	3.158
2019/3/20	3.154
2019/3/21	3.163
2019/3/22	3.138
2019/3/25	3.114
2019/3/26	3.086
2019/3/27	3.097
2019/3/28	3.089
2019/3/29	3.075
2019/4/1	3.132
2019/4/2	3.168
2019/4/3	3.242
2019/4/4	3.268
2019/4/8	3.287
2019/4/9	3.292
2019/4/10	3.319
2019/4/11	3.293
2019/4/12	3.331
2019/4/15	3.375
2019/4/16	3.404
2019/4/17	3.427
2019/4/18	3.386
2019/4/19	3.39
2019/4/22	3.419
2019/4/23	3.434
2019/4/24	3.435
2019/4/25	3.433
2019/4/26	3.421
2019/4/28	3.415
2019/4/29	3.43
2019/4/30	3.416
2019/5/5	3.405
2019/5/6	3.378
2019/5/7	3.364
2019/5/8	3.355
2019/5/9	3.33
2019/5/10	3.314
2019/5/13	3.315
2019/5/14	3.296
2019/5/15	3.32
2019/5/16	3.289
2019/5/17	3.283
2019/5/20	3.298
2019/5/21	3.308
2019/5/22	3.317
2019/5/23	3.339
2019/5/24	3.333
2019/5/27	3.35
2019/5/28	3.358
2019/5/29	3.328
2019/5/30	3.323
2019/5/31	3.297
2019/6/3	3.288
2019/6/4	3.259
2019/6/5	3.247
2019/6/6	3.263
2019/6/10	3.273
2019/6/11	3.286
2019/6/12	3.302
2019/6/13	3.29
2019/6/14	3.279
2019/6/17	3.267
2019/6/18	3.259
2019/6/19	3.255
2019/6/20	3.277
2019/6/21	3.25
2019/6/24	3.266
2019/6/25	3.271
2019/6/26	3.278
2019/6/27	3.282
2019/6/28	3.279
2019/7/1	3.262
2019/7/2	3.229
2019/7/3	3.193
2019/7/4	3.176
2019/7/5	3.188
2019/7/8	3.195
2019/7/9	3.192
2019/7/10	3.187
2019/7/11	3.178
2019/7/12	3.189
2019/7/15	3.187
2019/7/16	3.188
2019/7/17	3.194
2019/7/18	3.191
2019/7/19	3.173
2019/7/22	3.157
2019/7/23	3.162
2019/7/24	3.178
2019/7/25	3.182
2019/7/26	3.175
2019/7/29	3.205
2019/7/30	3.196
2019/7/31	3.183
2019/8/1	3.168
2019/8/2	3.139
2019/8/3	3.1
2019/8/5	3.066
2019/8/6	3.078
2019/8/7	3.073
2019/8/8	3.051
2019/8/9	3.039
2019/8/12	3.047
2019/8/13	3.023
2019/8/14	3.028
2019/8/15	3.027
2019/8/16	3.03
2019/8/19	3.041
2019/8/20	3.038
2019/8/21	3.062
2019/8/22	3.077
2019/8/23	3.07
2019/8/26	3.081
2019/8/27	3.075
2019/8/28	3.07
2019/8/29	3.049
2019/8/30	3.068
2019/9/2	3.078
2019/9/3	3.077
2019/9/4	3.081
2019/9/5	3.047
2019/9/6	3.023
2019/9/9	3.037
2019/9/10	3.052
2019/9/11	3.06
2019/9/12	3.094
2019/9/16	3.108
2019/9/17	3.117
2019/9/18	3.136
2019/9/19	3.137
2019/9/20	3.118
2019/9/21	3.118
2019/9/23	3.112
2019/9/24	3.127
2019/9/25	3.141
2019/9/26	3.145
2019/9/27	3.158
2019/9/29	3.163
2019/9/30	3.155
2019/10/8	3.139
2019/10/9	3.119
2019/10/10	3.141
2019/10/11	3.163
