2009/4/13,14901.41
2009/4/14,15580.16
2009/4/15,15669.62
2009/4/16,15582.99
2009/4/17,15601.27
2009/4/20,15750.91
2009/4/21,15285.89
2009/4/22,14878.45
2009/4/23,15214.46
2009/4/24,15258.85
2009/4/27,14840.42
2009/4/28,14555.11
2009/4/29,14956.95
2009/4/30,15520.99
2009/5/1,15520.99
2009/5/4,16381.05
2009/5/5,16430.08
2009/5/6,16834.57
2009/5/7,17217.89
2009/5/8,17389.87
2009/5/11,17087.95
2009/5/12,17153.64
2009/5/13,17059.62
2009/5/14,16541.69
2009/5/15,16790.70
2009/5/18,17022.91
2009/5/19,17544.03
2009/5/20,17475.84
2009/5/21,17199.49
2009/5/22,17062.52
2009/5/25,17121.82
2009/5/26,16991.56
2009/5/27,17885.27
2009/5/29,18171.00
2009/6/1,18888.59
2009/6/2,18389.08
2009/6/3,18576.47
2009/6/4,18502.77
2009/6/5,18679.53
2009/6/8,18253.39
2009/6/9,18058.49
2009/6/10,18785.66
2009/6/11,18791.03
2009/6/12,18889.68
2009/6/15,18498.96
2009/6/16,18165.50
2009/6/17,18084.60
2009/6/18,17776.66
2009/6/19,17920.93
2009/6/22,18059.55
2009/6/23,17538.37
2009/6/24,17892.15
2009/6/25,18275.03
2009/6/26,18600.26
2009/6/29,18528.51
2009/6/30,18378.73
2009/7/2,18178.05
2009/7/3,18203.40
2009/7/6,17979.41
2009/7/7,17862.27
2009/7/8,17721.07
2009/7/9,17790.59
2009/7/10,17708.42
2009/7/13,17254.63
2009/7/14,17885.73
2009/7/15,18258.66
2009/7/16,18361.87
2009/7/17,18805.66
2009/7/20,19502.37
2009/7/21,19501.73
2009/7/22,19248.17
2009/7/23,19817.70
2009/7/24,19982.79
2009/7/27,20251.62
2009/7/28,20624.54
2009/7/29,20135.50
2009/7/30,20234.08
2009/7/31,20573.33
2009/8/3,20807.26
2009/8/4,20796.43
2009/8/5,20494.77
2009/8/6,20899.24
2009/8/7,20375.37
2009/8/10,20929.52
2009/8/11,21074.21
2009/8/12,20435.24
2009/8/13,20861.30
2009/8/14,20893.33
2009/8/17,20137.65
2009/8/18,20306.27
2009/8/19,19954.23
2009/8/20,20328.86
2009/8/21,20199.02
2009/8/24,20535.94
2009/8/25,20435.24
2009/8/26,20456.32
2009/8/27,20242.75
2009/8/28,20098.62
2009/8/31,19724.19
2009/9/1,19872.30
2009/9/2,19522.00
2009/9/3,19761.68
2009/9/4,20318.62
2009/9/7,20629.31
2009/9/8,21069.81
2009/9/9,20851.04
2009/9/10,21069.56
2009/9/11,21161.42
2009/9/14,20932.20
2009/9/15,20866.37
2009/9/16,21402.92
2009/9/17,21768.51
2009/9/18,21623.45
2009/9/21,21472.85
2009/9/22,21701.14
2009/9/23,21595.52
2009/9/24,21050.73
2009/9/25,21024.40
2009/9/28,20588.41
2009/9/29,21013.17
2009/9/30,20955.25
2009/10/1,20955.25
2009/10/2,20375.49
2009/10/5,20429.07
2009/10/6,20811.53
2009/10/7,21241.59
2009/10/8,21492.90
2009/10/9,21499.44
2009/10/12,21299.35
2009/10/13,21467.36
2009/10/14,21886.48
2009/10/15,21999.08
2009/10/16,21929.90
2009/10/19,22200.46
2009/10/20,22384.96
2009/10/21,22318.11
2009/10/22,22210.52
2009/10/23,22589.73
2009/10/26,22589.73
2009/10/27,22169.59
2009/10/28,21761.58
2009/10/29,21264.99
2009/10/30,21752.87
2009/11/2,21620.19
2009/11/3,21240.06
2009/11/4,21614.77
2009/11/5,21479.08
2009/11/6,21829.72
2009/11/9,22207.55
2009/11/10,22268.16
2009/11/11,22627.21
2009/11/12,22397.57
2009/11/13,22553.63
2009/11/16,22943.98
2009/11/17,22914.15
2009/11/18,22840.33
2009/11/19,22643.16
2009/11/20,22455.84
2009/11/23,22771.39
2009/11/24,22423.14
2009/11/25,22611.80
2009/11/26,22210.41
2009/11/27,21134.50
2009/11/30,21821.50
2009/12/1,22113.15
2009/12/2,22289.57
2009/12/3,22553.87
2009/12/4,22498.15
2009/12/7,22324.96
2009/12/8,22060.52
2009/12/9,21741.76
2009/12/10,21700.04
2009/12/11,21902.11
2009/12/14,22085.75
2009/12/15,21813.92
2009/12/16,21611.74
2009/12/17,21347.63
2009/12/18,21175.88
2009/12/21,20948.10
2009/12/22,21092.04
2009/12/23,21328.74
2009/12/24,21517.00
2009/12/28,21480.22
2009/12/29,21499.44
2009/12/30,21496.62
2009/12/31,21872.50
2010/1/4,21823.28
2010/1/5,22279.58
2010/1/6,22416.67
2010/1/7,22269.45
2010/1/8,22296.75
2010/1/11,22411.52
2010/1/12,22326.64
2010/1/13,21748.60
2010/1/14,21716.95
2010/1/15,21654.16
2010/1/18,21460.01
2010/1/19,21677.98
2010/1/20,21286.17
2010/1/21,20862.67
2010/1/22,20726.18
2010/1/25,20598.55
2010/1/26,20109.33
2010/1/27,20033.07
2010/1/28,20356.37
2010/1/29,20121.99
2010/2/1,20243.75
2010/2/2,20272.18
2010/2/3,20722.08
2010/2/4,20341.64
2010/2/5,19665.08
2010/2/8,19550.89
2010/2/9,19790.28
2010/2/10,19922.22
2010/2/11,20290.69
2010/2/12,20268.69
2010/2/17,20534.01
2010/2/18,20422.15
2010/2/19,19894.02
2010/2/22,20377.27
2010/2/23,20623.00
2010/2/24,20467.74
2010/2/25,20399.57
2010/2/26,20608.70
2010/3/1,21056.93
2010/3/2,20906.11
2010/3/3,20876.79
2010/3/4,20575.78
2010/3/5,20787.97
2010/3/8,21196.87
2010/3/9,21207.55
2010/3/10,21208.29
2010/3/11,21228.20
2010/3/12,21209.74
2010/3/15,21079.10
2010/3/16,21022.93
2010/3/17,21384.49
2010/3/18,21330.67
2010/3/19,21370.82
2010/3/22,20933.25
2010/3/23,20987.78
2010/3/24,21008.62
2010/3/25,20778.55
2010/3/26,21053.11
2010/3/29,21237.43
2010/3/30,21374.79
2010/3/31,21239.35
2010/4/1,21537.00
2010/4/5,21537.00
2010/4/6,21537.00
2010/4/7,21928.77
2010/4/8,21867.04
2010/4/9,22208.50
2010/4/12,22138.17
2010/4/13,22103.53
2010/4/14,22121.43
2010/4/15,22157.82
2010/4/16,21865.26
2010/4/19,21405.17
2010/4/20,21623.38
2010/4/21,21510.93
2010/4/22,21454.94
2010/4/23,21244.49
2010/4/26,21587.06
2010/4/27,21261.79
2010/4/28,20949.40
2010/4/29,20778.92
2010/4/30,21108.59
2010/5/3,20811.36
2010/5/4,20763.05
2010/5/5,20327.54
2010/5/6,20133.41
2010/5/7,19920.29
2010/5/10,20426.64
2010/5/11,20146.51
2010/5/12,20212.49
2010/5/13,20422.46
2010/5/14,20145.43
2010/5/17,19715.20
2010/5/18,19944.94
2010/5/19,19578.98
2010/5/20,19545.83
2010/5/24,19667.76
2010/5/25,18985.50
2010/5/26,19196.45
2010/5/27,19431.37
2010/5/28,19766.71
2010/5/31,19765.19
2010/6/1,19496.95
2010/6/2,19471.80
2010/6/3,19786.71
2010/6/4,19780.07
2010/6/7,19378.15
2010/6/8,19487.48
2010/6/9,19621.24
2010/6/10,19632.70
2010/6/11,19872.38
2010/6/14,20051.91
2010/6/15,20062.15
2010/6/17,20138.40
2010/6/18,20286.71
2010/6/21,20912.18
2010/6/22,20819.08
2010/6/23,20856.61
2010/6/24,20733.49
2010/6/25,20690.79
2010/6/28,20726.68
2010/6/29,20248.90
2010/6/30,20128.99
2010/7/1,20128.99
2010/7/2,19905.32
2010/7/5,19842.20
2010/7/6,20084.12
2010/7/7,19857.07
2010/7/8,20050.56
2010/7/9,20378.66
2010/7/12,20467.43
2010/7/13,20431.06
2010/7/14,20560.81
2010/7/15,20255.62
2010/7/16,20250.16
2010/7/19,20036.50
2010/7/20,20264.59
2010/7/21,20449.17
2010/7/22,20589.70
2010/7/23,20815.33
2010/7/26,20839.91
2010/7/27,20973.39
2010/7/28,21091.18
2010/7/29,21093.82
2010/7/30,21029.81
2010/8/2,21412.79
2010/8/3,21457.66
2010/8/4,21549.88
2010/8/5,21551.72
2010/8/6,21678.80
2010/8/9,21801.59
2010/8/10,21473.60
2010/8/11,21294.54
2010/8/12,21105.71
2010/8/13,21071.57
2010/8/16,21112.12
2010/8/17,21137.43
2010/8/18,21022.73
2010/8/19,21072.46
2010/8/20,20981.82
2010/8/23,20889.01
2010/8/24,20658.71
2010/8/25,20634.98
2010/8/26,20612.06
2010/8/27,20597.35
2010/8/30,20737.22
2010/8/31,20433.50
2010/9/1,20623.83
2010/9/2,20868.92
2010/9/3,20971.50
2010/9/6,21355.77
2010/9/7,21401.79
2010/9/8,21088.86
2010/9/9,21167.27
2010/9/10,21257.39
2010/9/13,21658.35
2010/9/14,21696.04
2010/9/15,21725.64
2010/9/16,21691.45
2010/9/17,21970.86
2010/9/20,21977.34
2010/9/21,22002.59
2010/9/22,22047.71
2010/9/24,22119.43
2010/9/27,22340.84
2010/9/28,22109.95
2010/9/29,22378.67
2010/9/30,22358.17
2010/10/4,22618.66
2010/10/5,22639.14
2010/10/6,22880.41
2010/10/7,22884.32
2010/10/8,22944.18
2010/10/11,23207.31
2010/10/12,23121.70
2010/10/13,23457.69
2010/10/14,23852.17
2010/10/15,23757.63
2010/10/18,23469.38
2010/10/19,23763.73
2010/10/20,23556.50
2010/10/21,23649.48
2010/10/22,23517.54
2010/10/25,23627.91
2010/10/26,23601.24
2010/10/27,23164.58
2010/10/28,23210.86
2010/10/29,23096.32
2010/11/1,23652.94
2010/11/2,23671.42
2010/11/3,24144.67
2010/11/4,24535.63
2010/11/5,24876.82
2010/11/8,24964.37
2010/11/9,24710.60
2010/11/10,24500.61
2010/11/11,24700.30
2010/11/12,24222.58
2010/11/15,24027.18
2010/11/16,23693.02
2010/11/17,23214.46
2010/11/18,23637.39
2010/11/19,23605.71
2010/11/22,23524.02
2010/11/23,22896.14
2010/11/24,23023.86
2010/11/25,23054.68
2010/11/26,22877.25
2010/11/29,23166.22
2010/11/30,23007.99
2010/12/1,23249.80
2010/12/2,23448.78
2010/12/3,23320.52
2010/12/6,23237.69
2010/12/7,23428.15
2010/12/8,23092.52
2010/12/9,23171.80
2010/12/10,23162.91
2010/12/13,23317.61
2010/12/14,23431.19
2010/12/15,22975.35
2010/12/16,22668.78
2010/12/17,22714.85
2010/12/20,22639.08
2010/12/21,22993.86
2010/12/22,23045.19
2010/12/23,22902.97
2010/12/24,22833.80
2010/12/28,22621.73
2010/12/29,22969.30
2010/12/30,22999.34
2010/12/31,23035.45
2011/1/3,23436.05
2011/1/4,23668.48
2011/1/5,23757.82
2011/1/6,23786.30
2011/1/7,23686.63
2011/1/10,23527.26
2011/1/11,23760.34
2011/1/12,24125.61
2011/1/13,24238.98
2011/1/14,24283.23
2011/1/17,24156.97
2011/1/18,24153.98
2011/1/19,24419.62
2011/1/20,24003.70
2011/1/21,23876.86
2011/1/24,23801.78
2011/1/25,23788.83
2011/1/26,23843.24
2011/1/27,23779.62
2011/1/28,23617.02
2011/1/31,23447.34
2011/2/1,23482.95
2011/2/2,23908.96
2011/2/7,23553.59
2011/2/8,23484.30
2011/2/9,23164.03
2011/2/10,22708.62
2011/2/11,22828.92
2011/2/14,23121.06
2011/2/15,22899.78
2011/2/16,23156.97
2011/2/17,23301.84
2011/2/18,23595.24
2011/2/21,23485.42
2011/2/22,22990.81
2011/2/23,22906.90
2011/2/24,22601.04
2011/2/25,23012.37
2011/2/28,23338.02
2011/3/1,23396.42
2011/3/2,23048.66
2011/3/3,23122.42
2011/3/4,23408.86
2011/3/7,23313.19
2011/3/8,23711.70
2011/3/9,23810.11
2011/3/10,23614.89
2011/3/11,23249.78
2011/3/14,23345.88
2011/3/15,22678.25
2011/3/16,22700.88
2011/3/17,22284.43
2011/3/18,22300.23
2011/3/21,22685.22
2011/3/22,22857.90
2011/3/23,22825.40
2011/3/24,22915.28
2011/3/25,23158.67
2011/3/28,23068.19
2011/3/29,23060.36
2011/3/30,23451.43
2011/3/31,23527.52
2011/4/1,23801.90
2011/4/4,24150.58
2011/4/6,24285.05
2011/4/7,24281.80
2011/4/8,24396.07
2011/4/11,24303.07
2011/4/12,23976.37
2011/4/13,24135.03
2011/4/14,24014.00
2011/4/15,24008.07
2011/4/18,23830.31
2011/4/19,23520.62
2011/4/20,23896.10
2011/4/21,24138.31
2011/4/26,24007.38
2011/4/27,23892.84
2011/4/28,23805.63
2011/4/29,23720.81
2011/5/3,23633.25
2011/5/4,23323.91
2011/5/5,23259.41
2011/5/6,23159.14
2011/5/9,23336.00
2011/5/11,23291.80
2011/5/12,23073.76
2011/5/13,23276.27
2011/5/16,22960.63
2011/5/17,22901.08
2011/5/18,23011.14
2011/5/19,23163.38
2011/5/20,23199.39
2011/5/23,22711.02
2011/5/24,22730.78
2011/5/25,22747.28
2011/5/26,22900.79
2011/5/27,23118.07
2011/5/30,23184.32
2011/5/31,23684.13
2011/6/1,23626.43
2011/6/2,23253.84
2011/6/3,22949.56
2011/6/7,22883.27
2011/6/8,22661.63
2011/6/9,22609.83
2011/6/10,22420.37
2011/6/13,22508.08
2011/6/14,22496.00
2011/6/15,22343.77
2011/6/16,21953.11
2011/6/17,21695.26
2011/6/20,21599.51
2011/6/21,21850.59
2011/6/22,21859.97
2011/6/23,21759.14
2011/6/24,22171.95
2011/6/27,22041.77
2011/6/28,22061.78
2011/6/29,22061.18
2011/6/30,22398.10
2011/7/4,22770.47
2011/7/5,22747.95
2011/7/6,22517.55
2011/7/7,22530.18
2011/7/8,22726.43
2011/7/11,22347.23
2011/7/12,21663.16
2011/7/13,21926.88
2011/7/14,21940.20
2011/7/15,21875.38
2011/7/18,21778.00
2011/7/19,21902.40
2011/7/20,22003.69
2011/7/21,21987.29
2011/7/22,22444.80
2011/7/25,22293.29
2011/7/26,22572.08
2011/7/27,22541.69
2011/7/28,22570.74
2011/7/29,22440.25
2011/8/1,22663.37
2011/8/2,22421.46
2011/8/3,21992.72
2011/8/4,21884.74
2011/8/5,20946.14
2011/8/8,20490.57
2011/8/9,19330.70
2011/8/10,19783.67
2011/8/11,19595.14
2011/8/12,19620.01
2011/8/15,20260.10
2011/8/16,20212.08
2011/8/17,20289.03
2011/8/18,20016.27
2011/8/19,19399.92
2011/8/22,19486.87
2011/8/23,19875.53
2011/8/24,19466.79
2011/8/25,19752.48
2011/8/26,19582.88
2011/8/29,19865.11
2011/8/30,20204.17
2011/8/31,20534.85
2011/9/1,20585.33
2011/9/2,20212.91
2011/9/5,19616.40
2011/9/6,19710.50
2011/9/7,20048.00
2011/9/8,19912.82
2011/9/9,19866.63
2011/9/12,19030.54
2011/9/14,19045.44
2011/9/15,19181.50
2011/9/16,19455.31
2011/9/19,18917.95
2011/9/20,19014.80
2011/9/21,18824.17
2011/9/22,17911.95
2011/9/23,17668.83
2011/9/26,17407.80
2011/9/27,18130.55
2011/9/28,18011.06
2011/9/30,17592.41
2011/10/3,16822.15
2011/10/4,16250.27
2011/10/6,17172.28
2011/10/7,17707.01
2011/10/10,17711.06
2011/10/11,18141.59
2011/10/12,18329.46
2011/10/13,18757.81
2011/10/14,18501.79
2011/10/17,18873.99
2011/10/18,18076.46
2011/10/19,18309.22
2011/10/20,17983.10
2011/10/21,18025.72
2011/10/24,18771.82
2011/10/25,18968.20
2011/10/26,19066.54
2011/10/27,19688.70
2011/10/28,20019.24
2011/10/31,19864.87
2011/11/1,19369.96
2011/11/2,19733.71
2011/11/3,19242.50
2011/11/4,19842.79
2011/11/7,19677.89
2011/11/8,19678.47
2011/11/9,20014.43
2011/11/10,18963.89
2011/11/11,19137.17
2011/11/14,19508.18
2011/11/15,19348.44
2011/11/16,18960.90
2011/11/17,18817.47
2011/11/18,18491.23
2011/11/21,18225.85
2011/11/22,18251.59
2011/11/23,17864.43
2011/11/24,17935.10
2011/11/25,17689.48
2011/11/28,18037.81
2011/11/29,18256.20
2011/11/30,17989.35
2011/12/1,19002.26
2011/12/2,19040.39
2011/12/5,19179.69
2011/12/6,18942.23
2011/12/7,19240.58
2011/12/8,19107.81
2011/12/9,18586.23
2011/12/12,18575.66
2011/12/13,18447.17
2011/12/14,18354.43
2011/12/15,18026.84
2011/12/16,18285.39
2011/12/19,18070.21
2011/12/20,18080.20
2011/12/21,18416.45
2011/12/22,18378.23
2011/12/23,18629.17
2011/12/28,18518.67
2011/12/29,18397.92
2011/12/30,18434.39
2012/1/3,18877.41
2012/1/4,18727.31
2012/1/5,18813.41
2012/1/6,18593.06
2012/1/9,18865.72
2012/1/10,19004.28
2012/1/11,19151.94
2012/1/12,19095.38
2012/1/13,19204.42
2012/1/16,19012.20
2012/1/17,19627.75
2012/1/18,19686.92
2012/1/19,19942.95
2012/1/20,20110.37
2012/1/26,20439.14
2012/1/27,20501.67
2012/1/30,20160.41
2012/1/31,20390.49
2012/2/1,20333.37
2012/2/2,20739.45
2012/2/3,20756.98
2012/2/6,20709.94
2012/2/7,20699.19
2012/2/8,21018.46
2012/2/9,21010.01
2012/2/10,20783.86
2012/2/13,20887.40
2012/2/14,20917.83
2012/2/15,21365.23
2012/2/16,21277.28
2012/2/17,21491.62
2012/2/20,21424.79
2012/2/21,21478.72
2012/2/22,21549.28
2012/2/23,21380.99
2012/2/24,21406.86
2012/2/27,21217.86
2012/2/28,21568.73
2012/2/29,21680.08
2012/3/1,21387.96
2012/3/2,21562.26
2012/3/5,21265.31
2012/3/6,20806.25
2012/3/7,20627.78
2012/3/8,20900.73
2012/3/9,21086.00
2012/3/12,21134.18
2012/3/13,21339.70
2012/3/14,21307.89
2012/3/15,21353.53
2012/3/16,21317.85
2012/3/19,21115.29
2012/3/20,20888.24
2012/3/21,20856.63
2012/3/22,20901.56
2012/3/23,20668.80
2012/3/26,20668.86
2012/3/27,21046.91
2012/3/28,20885.42
2012/3/29,20609.39
2012/3/30,20555.58
2012/4/2,20522.26
2012/4/3,20790.98
2012/4/5,20593.00
2012/4/10,20356.24
2012/4/11,20140.67
2012/4/12,20327.32
2012/4/13,20701.04
2012/4/16,20610.64
2012/4/17,20562.31
2012/4/18,20780.73
2012/4/19,20995.01
2012/4/20,21010.64
2012/4/23,20624.39
2012/4/24,20677.16
2012/4/25,20646.29
2012/4/26,20809.71
2012/4/27,20741.45
2012/4/30,21094.21
2012/5/2,21309.08
2012/5/3,21249.53
2012/5/4,21086.00
2012/5/7,20536.65
2012/5/8,20484.75
2012/5/9,20330.64
2012/5/10,20227.28
2012/5/11,19964.63
2012/5/14,19735.04
2012/5/15,19894.31
2012/5/16,19259.83
2012/5/17,19200.93
2012/5/18,18951.85
2012/5/21,18922.32
2012/5/22,19039.15
2012/5/23,18786.19
2012/5/24,18666.40
2012/5/25,18713.41
2012/5/28,18800.99
2012/5/29,19055.46
2012/5/30,18690.22
2012/5/31,18629.52
2012/6/1,18558.34
2012/6/4,18185.59
2012/6/5,18259.03
2012/6/6,18520.53
2012/6/7,18678.29
2012/6/8,18502.34
2012/6/11,18953.63
2012/6/12,18872.56
2012/6/13,19026.52
2012/6/14,18808.40
2012/6/15,19233.94
2012/6/18,19427.81
2012/6/19,19416.67
2012/6/20,19518.85
2012/6/21,19265.07
2012/6/22,18995.13
2012/6/25,18897.45
2012/6/26,18981.84
2012/6/27,19176.95
2012/6/28,19025.27
2012/6/29,19441.46
2012/7/3,19735.53
2012/7/4,19709.75
2012/7/5,19809.13
2012/7/6,19800.64
2012/7/9,19428.09
2012/7/10,19396.36
2012/7/11,19419.87
2012/7/12,19025.11
2012/7/13,19092.63
2012/7/16,19121.34
2012/7/17,19455.33
2012/7/18,19239.88
2012/7/19,19559.05
2012/7/20,19640.80
2012/7/23,19053.47
2012/7/24,18903.20
2012/7/25,18877.33
2012/7/26,18892.79
2012/7/27,19274.96
2012/7/30,19585.40
2012/7/31,19796.81
2012/8/1,19820.38
2012/8/2,19690.20
2012/8/3,19666.18
2012/8/6,19998.72
2012/8/7,20072.55
2012/8/8,20065.52
2012/8/9,20269.47
2012/8/10,20136.12
2012/8/13,20081.36
2012/8/14,20291.68
2012/8/15,20052.29
2012/8/16,19962.95
2012/8/17,20116.07
2012/8/20,20104.27
2012/8/21,20100.09
2012/8/22,19887.78
2012/8/23,20132.24
2012/8/24,19880.03
2012/8/27,19798.67
2012/8/28,19811.80
2012/8/29,19788.51
2012/8/30,19552.91
2012/8/31,19482.57
2012/9/3,19559.21
2012/9/4,19429.91
2012/9/5,19145.07
2012/9/6,19209.30
2012/9/7,19802.16
2012/9/10,19827.17
2012/9/11,19857.88
2012/9/12,20075.39
2012/9/13,20047.63
2012/9/14,20629.78
2012/9/17,20658.11
2012/9/18,20601.93
2012/9/19,20841.91
2012/9/20,20590.92
2012/9/21,20734.94
2012/9/24,20694.70
2012/9/25,20698.68
2012/9/26,20527.73
2012/9/27,20762.29
2012/9/28,20840.38
2012/10/3,20888.28
2012/10/4,20907.95
2012/10/5,21012.38
2012/10/8,20824.56
2012/10/9,20937.28
2012/10/10,20919.60
2012/10/11,20999.05
2012/10/12,21136.43
2012/10/15,21148.25
2012/10/16,21207.07
2012/10/17,21416.64
2012/10/18,21518.71
2012/10/19,21551.76
2012/10/22,21697.55
2012/10/24,21763.78
2012/10/25,21810.23
2012/10/26,21545.57
2012/10/29,21511.05
2012/10/30,21428.58
2012/10/31,21641.82
2012/11/1,21821.87
2012/11/2,22111.33
2012/11/5,22006.40
2012/11/6,21944.43
2012/11/7,22099.85
2012/11/8,21566.91
2012/11/9,21384.38
2012/11/12,21430.30
2012/11/13,21188.65
2012/11/14,21441.99
2012/11/15,21108.93
2012/11/16,21159.01
2012/11/19,21262.06
2012/11/20,21228.28
2012/11/21,21524.36
2012/11/22,21743.20
2012/11/23,21913.98
2012/11/26,21861.81
2012/11/27,21844.03
2012/11/28,21708.98
2012/11/29,21922.89
2012/11/30,22030.39
2012/12/3,21767.85
2012/12/4,21799.97
2012/12/5,22270.91
2012/12/6,22249.81
2012/12/7,22191.17
2012/12/10,22276.72
2012/12/11,22323.94
2012/12/12,22503.35
2012/12/13,22445.58
2012/12/14,22605.98
2012/12/17,22513.61
2012/12/18,22494.73
2012/12/19,22623.37
2012/12/20,22659.78
2012/12/21,22506.29
2012/12/24,22541.18
2012/12/27,22619.78
2012/12/28,22666.59
2012/12/31,22656.92
2013/1/2,23311.98
2013/1/3,23398.60
2013/1/4,23331.09
2013/1/7,23329.75
2013/1/8,23111.19
2013/1/9,23218.47
2013/1/10,23354.31
2013/1/11,23264.07
2013/1/14,23413.26
2013/1/15,23381.51
2013/1/16,23356.99
2013/1/17,23339.76
2013/1/18,23601.78
2013/1/21,23590.91
2013/1/22,23658.99
2013/1/23,23635.10
2013/1/24,23598.90
2013/1/25,23580.43
2013/1/28,23671.88
2013/1/29,23655.17
2013/1/30,23822.06
2013/1/31,23729.53
2013/2/1,23721.84
2013/2/4,23685.01
2013/2/5,23148.53
2013/2/6,23256.93
2013/2/7,23177.00
2013/2/8,23215.16
2013/2/14,23413.25
2013/2/15,23444.56
2013/2/18,23381.94
2013/2/19,23143.91
2013/2/20,23307.41
2013/2/21,22906.67
2013/2/22,22782.44
2013/2/25,22820.08
2013/2/26,22519.69
2013/2/27,22577.01
2013/2/28,23020.27
2013/3/1,22880.22
2013/3/4,22537.81
2013/3/5,22560.50
2013/3/6,22777.84
2013/3/7,22771.44
2013/3/8,23091.95
2013/3/11,23090.82
2013/3/12,22890.60
2013/3/13,22556.65
2013/3/14,22619.18
2013/3/15,22533.11
2013/3/18,22083.36
2013/3/19,22041.86
2013/3/20,22256.44
2013/3/21,22225.88
2013/3/22,22115.30
2013/3/25,22251.15
2013/3/26,22311.08
2013/3/27,22464.82
2013/3/28,22299.63
2013/4/2,22367.82
2013/4/3,22337.49
2013/4/5,21726.90
2013/4/8,21718.05
2013/4/9,21870.34
2013/4/10,22034.56
2013/4/11,22101.27
2013/4/12,22089.05
2013/4/15,21772.67
2013/4/16,21672.03
2013/4/17,21569.67
2013/4/18,21512.52
2013/4/19,22013.57
2013/4/22,22044.37
2013/4/23,21806.61
2013/4/24,22183.05
2013/4/25,22401.24
2013/4/26,22547.71
2013/4/29,22580.77
2013/4/30,22737.01
2013/5/2,22668.30
2013/5/3,22689.96
2013/5/6,22915.09
2013/5/7,23047.09
2013/5/8,23244.35
2013/5/9,23211.48
2013/5/10,23321.22
2013/5/13,22989.81
2013/5/14,22930.28
2013/5/15,23044.24
2013/5/16,23082.68
2013/5/20,23493.03
2013/5/21,23366.37
2013/5/22,23261.08
2013/5/23,22669.68
2013/5/24,22618.67
2013/5/27,22686.05
2013/5/28,22924.25
2013/5/29,22554.93
2013/5/30,22484.31
2013/5/31,22392.16
2013/6/3,22282.19
2013/6/4,22285.52
2013/6/5,22069.24
2013/6/6,21838.43
2013/6/7,21575.26
2013/6/10,21615.09
2013/6/11,21354.66
2013/6/13,20887.04
2013/6/14,20969.14
2013/6/17,21225.90
2013/6/18,21225.88
2013/6/19,20986.89
2013/6/20,20382.87
2013/6/21,20263.31
2013/6/24,19813.98
2013/6/25,19855.72
2013/6/26,20338.55
2013/6/27,20440.08
2013/6/28,20803.29
2013/7/2,20658.65
2013/7/3,20147.31
2013/7/4,20468.67
2013/7/5,20854.67
2013/7/8,20582.19
2013/7/9,20683.01
2013/7/10,20904.56
2013/7/11,21437.49
2013/7/12,21277.28
2013/7/15,21303.31
2013/7/16,21312.38
2013/7/17,21371.87
2013/7/18,21345.22
2013/7/19,21362.42
2013/7/22,21416.50
2013/7/23,21915.42
2013/7/24,21968.93
2013/7/25,21900.96
2013/7/26,21968.95
2013/7/29,21850.15
2013/7/30,21953.96
2013/7/31,21883.66
2013/8/1,22088.79
2013/8/2,22190.97
2013/8/5,22222.01
2013/8/6,21923.70
2013/8/7,21588.84
2013/8/8,21655.88
2013/8/9,21807.56
2013/8/12,22271.28
2013/8/13,22541.13
2013/8/15,22539.25
2013/8/16,22517.81
2013/8/19,22463.70
2013/8/20,21970.29
2013/8/21,21817.73
2013/8/22,21895.40
2013/8/23,21863.51
2013/8/26,22005.32
2013/8/27,21874.77
2013/8/28,21524.65
2013/8/29,21704.78
2013/8/30,21731.37
2013/9/2,22175.34
2013/9/3,22394.58
2013/9/4,22326.22
2013/9/5,22597.97
2013/9/6,22621.22
2013/9/9,22750.65
2013/9/10,22976.65
2013/9/11,22937.14
2013/9/12,22953.72
2013/9/13,22915.28
2013/9/16,23252.41
2013/9/17,23180.52
2013/9/18,23117.45
2013/9/19,23502.51
2013/9/23,23371.54
2013/9/24,23179.04
2013/9/25,23209.63
2013/9/26,23125.03
2013/9/27,23207.04
2013/9/30,22859.86
2013/10/2,22984.48
2013/10/3,23214.40
2013/10/4,23138.54
2013/10/7,22973.95
2013/10/8,23178.85
2013/10/9,23033.97
2013/10/10,22951.30
2013/10/11,23218.32
2013/10/15,23336.52
2013/10/16,23228.33
2013/10/17,23094.88
2013/10/18,23340.10
2013/10/21,23438.15
2013/10/22,23315.99
2013/10/23,22999.95
2013/10/24,22835.82
2013/10/25,22698.34
2013/10/28,22806.58
2013/10/29,22846.54
2013/10/30,23304.02
2013/10/31,23206.37
2013/11/1,23249.79
2013/11/4,23189.62
2013/11/5,23038.95
2013/11/6,23036.94
2013/11/7,22881.03
2013/11/8,22744.39
2013/11/11,23069.85
2013/11/12,22901.41
2013/11/13,22463.83
2013/11/14,22649.15
2013/11/15,23032.15
2013/11/18,23660.06
2013/11/19,23657.81
2013/11/20,23700.86
2013/11/21,23580.29
2013/11/22,23696.28
2013/11/25,23684.45
2013/11/26,23681.28
2013/11/27,23806.35
2013/11/28,23789.09
2013/11/29,23881.29
2013/12/2,24038.55
2013/12/3,23910.47
2013/12/4,23728.70
2013/12/5,23712.57
2013/12/6,23743.10
2013/12/9,23811.17
2013/12/10,23744.19
2013/12/11,23338.24
2013/12/12,23218.12
2013/12/13,23245.96
2013/12/16,23114.66
2013/12/17,23069.23
2013/12/18,23143.82
2013/12/19,22888.75
2013/12/20,22812.18
2013/12/23,22921.56
2013/12/24,23179.55
2013/12/27,23243.24
2013/12/30,23244.87
2013/12/31,23306.39
2014/1/2,23340.05
2014/1/3,22817.28
2014/1/6,22684.15
2014/1/7,22712.78
2014/1/8,22996.59
2014/1/9,22787.33
2014/1/10,22846.25
2014/1/13,22888.76
2014/1/14,22791.28
2014/1/15,22902.00
2014/1/16,22986.41
2014/1/17,23133.35
2014/1/20,22928.95
2014/1/21,23033.12
2014/1/22,23082.25
2014/1/23,22733.90
2014/1/24,22450.06
2014/1/27,21976.10
2014/1/28,21960.64
2014/1/29,22141.61
2014/1/30,22035.42
2014/2/4,21397.77
2014/2/5,21269.38
2014/2/6,21423.13
2014/2/7,21636.85
2014/2/10,21579.26
2014/2/11,21962.98
2014/2/12,22285.79
2014/2/13,22165.53
2014/2/14,22298.41
2014/2/17,22535.94
2014/2/18,22587.72
2014/2/19,22664.52
2014/2/20,22394.08
2014/2/21,22568.24
2014/2/24,22388.56
2014/2/25,22317.20
2014/2/26,22437.44
2014/2/27,22828.18
2014/2/28,22836.96
2014/3/3,22500.67
2014/3/4,22657.63
2014/3/5,22579.78
2014/3/6,22702.97
2014/3/7,22660.49
2014/3/10,22264.93
2014/3/11,22269.61
2014/3/12,21901.95
2014/3/13,21756.08
2014/3/14,21539.49
2014/3/17,21473.95
2014/3/18,21583.50
2014/3/19,21568.69
2014/3/20,21182.16
2014/3/21,21436.70
2014/3/24,21846.45
2014/3/25,21732.32
2014/3/26,21887.75
2014/3/27,21834.45
2014/3/28,22065.53
2014/3/31,22151.06
2014/4/1,22448.54
2014/4/2,22523.94
2014/4/3,22565.08
2014/4/4,22510.08
2014/4/7,22377.15
2014/4/8,22596.97
2014/4/9,22843.17
2014/4/10,23186.96
2014/4/11,23003.64
2014/4/14,23038.80
2014/4/15,22671.26
2014/4/16,22696.01
2014/4/17,22760.24
2014/4/22,22730.68
2014/4/23,22509.64
2014/4/24,22562.80
2014/4/25,22223.53
2014/4/28,22132.53
2014/4/29,22453.89
2014/4/30,22133.97
2014/5/2,22260.67
2014/5/5,21976.33
2014/5/7,21746.26
2014/5/8,21837.12
2014/5/9,21862.99
2014/5/12,22261.61
2014/5/13,22352.38
2014/5/14,22582.77
2014/5/15,22730.86
2014/5/16,22712.91
2014/5/19,22704.50
2014/5/20,22834.68
2014/5/21,22836.52
2014/5/22,22953.76
2014/5/23,22965.86
2014/5/26,22963.18
2014/5/27,22944.30
2014/5/28,23080.03
2014/5/29,23010.14
2014/5/30,23081.65
2014/6/3,23291.04
2014/6/4,23151.71
2014/6/5,23109.66
2014/6/6,22951.00
2014/6/9,23117.47
2014/6/10,23315.74
2014/6/11,23257.29
2014/6/12,23175.02
2014/6/13,23319.17
2014/6/16,23300.67
2014/6/17,23203.59
2014/6/18,23181.72
2014/6/19,23167.73
2014/6/20,23194.06
2014/6/23,22804.81
2014/6/24,22880.64
2014/6/25,22866.70
2014/6/26,23197.83
2014/6/27,23221.52
2014/6/30,23190.72
2014/7/2,23549.62
2014/7/3,23531.44
2014/7/4,23546.36
2014/7/7,23540.92
2014/7/8,23541.38
2014/7/9,23176.07
2014/7/10,23238.99
2014/7/11,23233.45
2014/7/14,23346.67
2014/7/15,23459.96
2014/7/16,23523.28
2014/7/17,23520.87
2014/7/18,23454.79
2014/7/21,23387.14
2014/7/22,23782.11
2014/7/23,23971.87
2014/7/24,24141.50
2014/7/25,24216.01
2014/7/28,24428.63
2014/7/29,24640.53
2014/7/30,24732.21
2014/7/31,24756.85
2014/8/1,24532.43
2014/8/4,24600.08
2014/8/5,24648.26
2014/8/6,24584.13
2014/8/7,24387.56
2014/8/8,24331.41
2014/8/11,24646.02
2014/8/12,24689.41
2014/8/13,24890.34
2014/8/14,24801.36
2014/8/15,24954.94
2014/8/18,24955.46
2014/8/19,25122.95
2014/8/20,25159.76
2014/8/21,24994.10
2014/8/22,25112.23
2014/8/25,25166.91
2014/8/26,25074.50
2014/8/27,24918.75
2014/8/28,24741.00
2014/8/29,24742.06
2014/9/1,24752.09
2014/9/2,24749.02
2014/9/3,25317.95
2014/9/4,25297.92
2014/9/5,25240.15
2014/9/8,25190.45
2014/9/10,24705.36
2014/9/11,24662.64
2014/9/12,24595.32
2014/9/15,24356.99
2014/9/16,24136.01
2014/9/17,24376.41
2014/9/18,24168.72
2014/9/19,24306.16
2014/9/22,23955.49
2014/9/23,23837.07
2014/9/24,23921.61
2014/9/25,23768.13
2014/9/26,23678.41
2014/9/29,23229.21
2014/9/30,22932.98
2014/10/3,23064.56
2014/10/6,23315.04
2014/10/7,23422.52
2014/10/8,23263.33
2014/10/9,23534.53
2014/10/10,23088.54
2014/10/13,23143.38
2014/10/14,23047.97
2014/10/15,23140.05
2014/10/16,22900.94
2014/10/17,23023.21
2014/10/20,23070.26
2014/10/21,23088.58
2014/10/22,23403.97
2014/10/23,23333.18
2014/10/24,23302.20
2014/10/27,23143.23
2014/10/28,23520.36
2014/10/29,23819.87
2014/10/30,23702.04
2014/10/31,23998.06
2014/11/3,23915.97
2014/11/4,23845.66
2014/11/5,23695.62
2014/11/6,23649.31
2014/11/7,23550.24
2014/11/10,23744.70
2014/11/11,23808.28
2014/11/12,23938.18
2014/11/13,24019.94
2014/11/14,24087.38
2014/11/17,23797.08
2014/11/18,23529.17
2014/11/19,23373.31
2014/11/20,23349.64
2014/11/21,23437.12
2014/11/24,23893.14
2014/11/25,23843.91
2014/11/26,24111.98
2014/11/27,24004.28
2014/11/28,23987.45
2014/12/1,23367.45
2014/12/2,23654.30
2014/12/3,23428.62
2014/12/4,23832.56
2014/12/5,24002.64
2014/12/8,24047.67
2014/12/9,23485.83
2014/12/10,23524.52
2014/12/11,23312.54
2014/12/12,23249.20
2014/12/15,23027.85
2014/12/16,22670.50
2014/12/17,22585.84
2014/12/18,22832.21
2014/12/19,23116.63
2014/12/22,23408.57
2014/12/23,23333.69
2014/12/24,23349.34
2014/12/29,23773.18
2014/12/30,23501.10
2014/12/31,23605.04
2015/1/2,23857.82
2015/1/5,23721.32
2015/1/6,23485.41
2015/1/7,23681.26
2015/1/8,23835.53
2015/1/9,23919.95
2015/1/12,24026.46
2015/1/13,24215.97
2015/1/14,24112.60
2015/1/15,24350.91
2015/1/16,24103.52
2015/1/19,23738.49
2015/1/20,23951.16
2015/1/21,24352.58
2015/1/22,24522.63
2015/1/23,24850.45
2015/1/26,24909.90
2015/1/27,24807.28
2015/1/28,24861.81
2015/1/29,24595.85
2015/1/30,24507.05
2015/2/2,24484.74
2015/2/3,24554.78
2015/2/4,24679.76
2015/2/5,24765.49
2015/2/6,24679.39
2015/2/9,24521.00
2015/2/10,24528.10
2015/2/11,24315.02
2015/2/12,24422.15
2015/2/13,24682.54
2015/2/16,24726.53
2015/2/17,24784.88
2015/2/18,24832.08
2015/2/23,24836.76
2015/2/24,24750.07
2015/2/25,24778.28
2015/2/26,24902.06
2015/2/27,24823.29
2015/3/2,24887.44
2015/3/3,24702.78
2015/3/4,24465.38
2015/3/5,24193.04
2015/3/6,24164.00
2015/3/9,24123.05
2015/3/10,23896.98
2015/3/11,23717.97
2015/3/12,23797.96
2015/3/13,23823.21
2015/3/16,23949.55
2015/3/17,23901.49
2015/3/18,24120.08
2015/3/19,24468.89
2015/3/20,24375.24
2015/3/23,24494.51
2015/3/24,24399.60
2015/3/25,24528.23
2015/3/26,24497.08
2015/3/27,24486.20
2015/3/30,24855.12
2015/3/31,24900.89
2015/4/1,25082.75
2015/4/2,25275.64
2015/4/8,26236.86
2015/4/9,26944.39
2015/4/10,27272.39
2015/4/13,28016.34
2015/4/14,27561.49
2015/4/15,27618.82
2015/4/16,27739.71
2015/4/17,27653.12
2015/4/20,27094.93
2015/4/21,27850.49
2015/4/22,27933.85
2015/4/23,27827.70
2015/4/24,28060.98
2015/4/27,28433.59
2015/4/28,28442.75
2015/4/29,28400.34
2015/4/30,28133.00
2015/5/4,28123.82
2015/5/5,27755.54
2015/5/6,27640.91
2015/5/7,27289.97
2015/5/8,27577.34
2015/5/11,27718.20
2015/5/12,27407.18
2015/5/13,27249.28
2015/5/14,27286.55
2015/5/15,27822.28
2015/5/18,27591.25
2015/5/19,27693.54
2015/5/20,27585.05
2015/5/21,27523.72
2015/5/22,27992.83
2015/5/26,28249.86
2015/5/27,28081.21
2015/5/28,27454.31
2015/5/29,27424.19
2015/6/1,27597.16
2015/6/2,27466.72
2015/6/3,27657.47
2015/6/4,27551.89
2015/6/5,27260.16
2015/6/8,27316.28
2015/6/9,26989.52
2015/6/10,26687.64
2015/6/11,26907.85
2015/6/12,27280.54
2015/6/15,26861.81
2015/6/16,26566.70
2015/6/17,26753.79
2015/6/18,26694.66
2015/6/19,26760.53
2015/6/22,27080.85
2015/6/23,27333.46
2015/6/24,27404.97
2015/6/25,27145.75
2015/6/26,26663.87
2015/6/29,25966.98
2015/6/30,26250.03
2015/7/2,26282.32
2015/7/3,26064.11
2015/7/6,25236.28
2015/7/7,24975.31
2015/7/8,23516.56
2015/7/9,24392.79
2015/7/10,24901.28
2015/7/13,25224.01
2015/7/14,25120.91
2015/7/15,25055.76
2015/7/16,25162.78
2015/7/17,25415.27
2015/7/20,25404.81
2015/7/21,25536.43
2015/7/22,25282.62
2015/7/23,25398.85
2015/7/24,25128.51
2015/7/27,24351.96
2015/7/28,24503.94
2015/7/29,24619.45
2015/7/30,24497.98
2015/7/31,24636.28
2015/8/3,24411.42
2015/8/4,24406.12
2015/8/5,24514.16
2015/8/6,24375.28
2015/8/7,24552.47
2015/8/10,24521.12
2015/8/11,24498.21
2015/8/12,23916.02
2015/8/13,24018.80
2015/8/14,23991.03
2015/8/17,23814.65
2015/8/18,23474.97
2015/8/19,23167.85
2015/8/20,22757.47
2015/8/21,22409.62
2015/8/24,21251.57
2015/8/25,21404.96
2015/8/26,21080.39
2015/8/27,21838.54
2015/8/28,21612.39
2015/8/31,21670.58
2015/9/1,21185.43
2015/9/2,20934.94
2015/9/4,20840.61
2015/9/7,20583.52
2015/9/8,21259.04
2015/9/9,22131.31
2015/9/10,21562.50
2015/9/11,21504.37
2015/9/14,21561.90
2015/9/15,21455.23
2015/9/16,21966.66
2015/9/17,21854.63
2015/9/18,21920.83
2015/9/21,21756.93
2015/9/22,21796.58
2015/9/23,21302.91
2015/9/24,21095.98
2015/9/25,21186.32
2015/9/29,20556.60
2015/9/30,20846.30
2015/10/2,21506.09
2015/10/5,21854.50
2015/10/6,21831.62
2015/10/7,22515.76
2015/10/8,22354.91
2015/10/9,22458.80
2015/10/12,22730.93
2015/10/13,22600.46
2015/10/14,22439.91
2015/10/15,22888.17
2015/10/16,23067.37
2015/10/19,23075.61
2015/10/20,22989.22
2015/10/22,22845.37
2015/10/23,23151.94
2015/10/26,23116.25
2015/10/27,23142.73
2015/10/28,22956.57
2015/10/29,22819.94
2015/10/30,22640.04
2015/11/2,22370.04
2015/11/3,22568.43
2015/11/4,23053.57
2015/11/5,23051.04
2015/11/6,22867.33
2015/11/9,22726.77
2015/11/10,22401.70
2015/11/11,22352.17
2015/11/12,22888.92
2015/11/13,22396.14
2015/11/16,22010.82
2015/11/17,22264.25
2015/11/18,22188.26
2015/11/19,22500.22
2015/11/20,22754.72
2015/11/23,22665.90
2015/11/24,22587.63
2015/11/25,22498.00
2015/11/26,22488.94
2015/11/27,22068.32
2015/11/30,21996.42
2015/12/1,22381.35
2015/12/2,22479.69
2015/12/3,22417.01
2015/12/4,22235.89
2015/12/7,22203.22
2015/12/8,21905.13
2015/12/9,21803.76
2015/12/10,21704.61
2015/12/11,21464.05
2015/12/14,21309.85
2015/12/15,21274.37
2015/12/16,21701.21
2015/12/17,21872.06
2015/12/18,21755.56
2015/12/21,21791.68
2015/12/22,21830.02
2015/12/23,22040.59
2015/12/24,22138.13
2015/12/28,21919.62
2015/12/29,21999.62
2015/12/30,21882.15
2015/12/31,21914.40
2016/1/4,21327.12
2016/1/5,21188.72
2016/1/6,20980.81
2016/1/7,20333.34
2016/1/8,20453.71
2016/1/11,19888.50
2016/1/12,19711.76
2016/1/13,19934.88
2016/1/14,19817.41
2016/1/15,19520.77
2016/1/18,19237.45
2016/1/19,19635.81
2016/1/20,18886.30
2016/1/21,18542.15
2016/1/22,19080.51
2016/1/25,19340.14
2016/1/26,18860.80
2016/1/27,19052.45
2016/1/28,19195.83
2016/1/29,19683.11
2016/2/1,19595.50
2016/2/2,19446.84
2016/2/3,18991.59
2016/2/4,19183.09
2016/2/5,19288.17
2016/2/11,18545.80
2016/2/12,18319.58
2016/2/15,18918.14
2016/2/16,19122.08
2016/2/17,18924.57
2016/2/18,19363.08
2016/2/19,19285.50
2016/2/22,19464.09
2016/2/23,19414.78
2016/2/24,19192.45
2016/2/25,18888.75
2016/2/26,19364.15
2016/2/29,19111.93
2016/3/1,19407.46
2016/3/2,20003.49
2016/3/3,19941.76
2016/3/4,20176.70
2016/3/7,20159.72
2016/3/8,20011.58
2016/3/9,19996.26
2016/3/10,19984.42
2016/3/11,20199.60
2016/3/14,20435.34
2016/3/15,20288.77
2016/3/16,20257.70
2016/3/17,20503.81
2016/3/18,20671.63
2016/3/21,20684.15
2016/3/22,20666.75
2016/3/23,20615.23
2016/3/24,20345.61
2016/3/29,20366.30
2016/3/30,20803.39
2016/3/31,20776.70
2016/4/1,20498.92
2016/4/5,20177.00
2016/4/6,20206.67
2016/4/7,20266.05
2016/4/8,20370.40
2016/4/11,20440.81
2016/4/12,20504.44
2016/4/13,21158.71
2016/4/14,21337.81
2016/4/15,21316.47
2016/4/18,21161.50
2016/4/19,21436.21
2016/4/20,21236.31
2016/4/21,21622.25
2016/4/22,21467.04
2016/4/25,21304.44
2016/4/26,21407.27
2016/4/27,21361.60
2016/4/28,21388.03
2016/4/29,21067.05
2016/5/3,20676.94
2016/5/4,20525.83
2016/5/5,20449.82
2016/5/6,20109.87
2016/5/9,20156.81
2016/5/10,20242.68
2016/5/11,20055.29
2016/5/12,19915.46
2016/5/13,19719.29
2016/5/16,19883.95
2016/5/17,20118.80
2016/5/18,19826.41
2016/5/19,19694.33
2016/5/20,19852.20
2016/5/23,19809.03
2016/5/24,19830.43
2016/5/25,20368.05
2016/5/26,20397.11
2016/5/27,20576.77
2016/5/30,20629.39
2016/5/31,20815.09
2016/6/1,20760.98
2016/6/2,20859.22
2016/6/3,20947.24
2016/6/6,21030.22
2016/6/7,21328.24
2016/6/8,21297.88
2016/6/10,21042.64
2016/6/13,20512.99
2016/6/14,20387.53
2016/6/15,20467.52
2016/6/16,20038.42
2016/6/17,20169.98
2016/6/20,20510.20
2016/6/21,20668.44
2016/6/22,20795.12
2016/6/23,20868.34
2016/6/24,20259.13
2016/6/27,20227.30
2016/6/28,20172.46
2016/6/29,20436.12
2016/6/30,20794.37
2016/7/4,21059.20
2016/7/5,20750.72
2016/7/6,20495.29
2016/7/7,20706.92
2016/7/8,20564.17
2016/7/11,20880.50
2016/7/12,21224.74
2016/7/13,21322.37
2016/7/14,21561.06
2016/7/15,21659.25
2016/7/18,21803.18
2016/7/19,21673.20
2016/7/20,21882.48
2016/7/21,22000.49
2016/7/22,21964.27
2016/7/25,21993.44
2016/7/26,22129.73
2016/7/27,22218.99
2016/7/28,22174.34
2016/7/29,21891.37
2016/8/1,22129.14
2016/8/3,21739.12
2016/8/4,21832.23
2016/8/5,22146.09
2016/8/8,22494.76
2016/8/9,22465.61
2016/8/10,22492.43
2016/8/11,22580.55
2016/8/12,22766.91
2016/8/15,22932.51
2016/8/16,22910.84
2016/8/17,22799.78
2016/8/18,23023.16
2016/8/19,22937.22
2016/8/22,22997.91
2016/8/23,22998.93
2016/8/24,22820.78
2016/8/25,22814.95
2016/8/26,22909.54
2016/8/29,22821.34
2016/8/30,23016.11
2016/8/31,22976.88
2016/9/1,23162.34
2016/9/2,23266.70
2016/9/5,23649.55
2016/9/6,23787.68
2016/9/7,23741.81
2016/9/8,23919.34
2016/9/9,24099.70
2016/9/12,23290.60
2016/9/13,23215.76
2016/9/14,23190.64
2016/9/15,23335.59
2016/9/19,23550.45
2016/9/20,23530.86
2016/9/21,23669.90
2016/9/22,23759.80
2016/9/23,23686.48
2016/9/26,23317.92
2016/9/27,23571.90
2016/9/28,23619.65
2016/9/29,23739.47
2016/9/30,23297.15
2016/10/3,23584.43
2016/10/4,23689.44
2016/10/5,23788.31
2016/10/6,23952.50
2016/10/7,23851.82
2016/10/11,23549.52
2016/10/12,23407.05
2016/10/13,23031.30
2016/10/14,23233.31
2016/10/17,23037.54
2016/10/18,23394.39
2016/10/19,23304.97
2016/10/20,23374.40
2016/10/24,23604.08
2016/10/25,23565.11
2016/10/26,23325.43
2016/10/27,23132.35
2016/10/28,22954.81
2016/10/31,22934.54
2016/11/1,23147.07
2016/11/2,22810.50
2016/11/3,22683.51
2016/11/4,22642.62
2016/11/7,22801.40
2016/11/8,22909.47
2016/11/9,22415.19
2016/11/10,22839.11
2016/11/11,22531.09
2016/11/14,22222.22
2016/11/15,22323.91
2016/11/16,22280.53
2016/11/17,22262.88
2016/11/18,22344.21
2016/11/21,22357.78
2016/11/22,22678.07
2016/11/23,22676.69
2016/11/24,22608.49
2016/11/25,22723.45
2016/11/28,22830.57
2016/11/29,22737.07
2016/11/30,22789.77
2016/12/1,22878.23
2016/12/2,22564.82
2016/12/5,22505.55
2016/12/6,22675.15
2016/12/7,22800.92
2016/12/8,22861.84
2016/12/9,22760.98
2016/12/12,22433.02
2016/12/13,22446.70
2016/12/14,22456.62
2016/12/15,22059.40
2016/12/16,22020.75
2016/12/19,21832.68
2016/12/20,21729.06
2016/12/21,21809.80
2016/12/22,21636.20
2016/12/23,21574.76
2016/12/28,21754.74
2016/12/29,21790.91
2016/12/30,22000.56
2017/1/3,22150.40
2017/1/4,22134.47
2017/1/5,22456.69
2017/1/6,22503.01
2017/1/9,22558.69
2017/1/10,22744.85
2017/1/11,22935.35
2017/1/12,22829.02
2017/1/13,22937.38
2017/1/16,22718.15
2017/1/17,22840.97
2017/1/18,23098.26
2017/1/19,23049.96
2017/1/20,22885.91
2017/1/23,22898.52
2017/1/24,22949.86
2017/1/25,23049.12
2017/1/26,23374.17
2017/1/27,23360.78
2017/2/1,23318.39
2017/2/2,23184.52
2017/2/3,23129.21
2017/2/6,23348.24
2017/2/7,23331.57
2017/2/8,23485.13
2017/2/9,23525.14
2017/2/10,23574.98
2017/2/13,23710.98
2017/2/14,23703.01
2017/2/15,23994.87
2017/2/16,24107.70
2017/2/17,24033.74
2017/2/20,24146.08
2017/2/21,23963.63
2017/2/22,24201.96
2017/2/23,24114.86
2017/2/24,23965.70
2017/2/27,23925.05
2017/2/28,23740.73
2017/3/1,23776.49
2017/3/2,23728.07
2017/3/3,23552.72
2017/3/6,23596.28
2017/3/7,23681.07
2017/3/8,23782.27
2017/3/9,23501.56
2017/3/10,23568.67
2017/3/13,23829.67
2017/3/14,23827.95
2017/3/15,23792.85
2017/3/16,24288.28
2017/3/17,24309.93
2017/3/20,24501.99
2017/3/21,24593.12
2017/3/22,24320.41
2017/3/23,24327.70
2017/3/24,24358.27
2017/3/27,24193.70
2017/3/28,24345.87
2017/3/29,24392.05
2017/3/30,24301.09
2017/3/31,24111.59
2017/4/3,24261.48
2017/4/5,24400.80
2017/4/6,24273.72
2017/4/7,24267.30
2017/4/10,24262.18
2017/4/11,24088.46
2017/4/12,24313.50
2017/4/13,24261.66
2017/4/18,23924.54
2017/4/19,23825.88
2017/4/20,24056.98
2017/4/21,24042.02
2017/4/24,24139.48
2017/4/25,24455.94
2017/4/26,24578.43
2017/4/27,24698.48
2017/4/28,24615.13
2017/5/2,24696.13
2017/5/4,24683.88
2017/5/5,24476.35
2017/5/8,24577.91
2017/5/9,24889.03
2017/5/10,25015.42
2017/5/11,25125.55
2017/5/12,25156.34
2017/5/15,25371.59
2017/5/16,25335.94
2017/5/17,25293.63
2017/5/18,25136.52
2017/5/19,25174.87
2017/5/22,25391.34
2017/5/23,25403.15
2017/5/24,25428.50
2017/5/25,25630.78
2017/5/26,25639.27
2017/5/29,25701.63
2017/5/31,25660.65
2017/6/1,25809.22
2017/6/2,25924.05
2017/6/5,25862.99
2017/6/6,25997.14
2017/6/7,25974.16
2017/6/8,26063.06
2017/6/9,26030.29
2017/6/12,25708.04
2017/6/13,25852.10
2017/6/14,25875.90
2017/6/15,25565.34
2017/6/16,25626.49
2017/6/19,25924.55
2017/6/20,25843.04
2017/6/21,25694.58
2017/6/22,25674.53
2017/6/23,25670.05
2017/6/26,25871.89
2017/6/27,25839.99
2017/6/28,25683.50
2017/6/29,25965.42
2017/6/30,25764.58
2017/7/3,25784.17
2017/7/4,25389.01
2017/7/5,25521.97
2017/7/6,25465.22
2017/7/7,25340.85
2017/7/10,25500.06
2017/7/11,25877.64
2017/7/12,26043.64
2017/7/13,26346.17
2017/7/14,26389.23
2017/7/17,26470.58
2017/7/18,26524.94
2017/7/19,26672.16
2017/7/20,26740.21
2017/7/21,26706.09
2017/7/24,26846.83
2017/7/25,26852.05
2017/7/26,26941.02
2017/7/27,27131.17
2017/7/28,26979.39
2017/7/31,27323.99
2017/8/1,27540.23
2017/8/2,27607.38
2017/8/3,27531.01
2017/8/4,27562.68
2017/8/7,27690.36
2017/8/8,27854.91
2017/8/9,27757.09
2017/8/10,27444.00
2017/8/11,26883.51
2017/8/14,27250.23
2017/8/15,27174.96
2017/8/16,27409.07
2017/8/17,27344.22
2017/8/18,27047.57
2017/8/21,27154.68
2017/8/22,27401.67
2017/8/23,27506.00
2017/8/24,27518.60
2017/8/25,27848.16
2017/8/28,27863.29
2017/8/29,27765.01
2017/8/30,28094.61
2017/8/31,27970.30
2017/9/1,27953.16
2017/9/4,27740.26
2017/9/5,27741.35
2017/9/6,27613.76
2017/9/7,27522.92
2017/9/8,27668.47
2017/9/11,27955.13
2017/9/12,27972.24
2017/9/13,27894.08
2017/9/14,27777.20
2017/9/15,27807.59
2017/9/18,28159.77
2017/9/19,28051.41
2017/9/20,28127.80
2017/9/21,28110.33
2017/9/22,27880.53
2017/9/25,27500.34
2017/9/26,27513.01
2017/9/27,27642.43
2017/9/28,27421.60
2017/9/29,27554.30
2017/10/3,28173.21
2017/10/4,28379.18
2017/10/6,28458.04
2017/10/9,28326.59
2017/10/10,28490.83
2017/10/11,28389.57
2017/10/12,28459.03
2017/10/13,28476.43
2017/10/16,28692.80
2017/10/17,28697.49
2017/10/18,28711.76
2017/10/19,28159.09
2017/10/20,28487.24
2017/10/23,28305.88
2017/10/24,28154.97
2017/10/25,28302.89
2017/10/26,28202.38
2017/10/27,28438.85
2017/10/30,28336.19
2017/10/31,28245.54
2017/11/1,28594.06
2017/11/2,28518.64
2017/11/3,28603.61
2017/11/6,28596.80
2017/11/7,28994.34
2017/11/8,28907.60
2017/11/9,29136.57
2017/11/10,29120.92
2017/11/13,29182.18
2017/11/14,29152.12
2017/11/15,28851.69
2017/11/16,29018.76
2017/11/17,29199.04
2017/11/20,29260.31
2017/11/21,29818.07
2017/11/22,30003.49
2017/11/23,29707.94
2017/11/24,29866.32
2017/11/27,29686.19
2017/11/28,29680.85
2017/11/29,29623.83
2017/11/30,29177.35
2017/12/1,29074.24
2017/12/4,29138.28
2017/12/5,28842.80
2017/12/6,28224.80
2017/12/7,28303.19
2017/12/8,28639.85
2017/12/11,28965.29
2017/12/12,28793.88
2017/12/13,29222.10
2017/12/14,29166.38
2017/12/15,28848.11
2017/12/18,29050.41
2017/12/19,29253.66
2017/12/20,29234.09
2017/12/21,29367.06
2017/12/22,29578.01
2017/12/27,29597.66
2017/12/28,29863.71
2017/12/29,29919.15
2018/1/2,30515.31
2018/1/3,30560.95
2018/1/4,30736.48
2018/1/5,30814.64
2018/1/8,30899.53
2018/1/9,31011.41
2018/1/10,31073.72
2018/1/11,31120.39
2018/1/12,31412.54
2018/1/15,31338.87
2018/1/16,31904.75
2018/1/17,31983.41
2018/1/18,32121.94
2018/1/19,32254.89
2018/1/22,32393.41
2018/1/23,32930.70
2018/1/24,32958.69
2018/1/25,32654.45
2018/1/26,33154.12
2018/1/29,32966.89
2018/1/30,32607.29
2018/1/31,32887.27
2018/2/1,32642.09
2018/2/2,32601.78
2018/2/5,32245.22
2018/2/6,30595.42
2018/2/7,30323.20
2018/2/8,30451.27
2018/2/9,29507.42
2018/2/12,29459.63
2018/2/13,29839.53
2018/2/14,30515.60
2018/2/15,31115.43
2018/2/20,30873.63
2018/2/21,31431.89
2018/2/22,30965.68
2018/2/23,31267.17
2018/2/26,31498.60
2018/2/27,31268.66
2018/2/28,30844.72
2018/3/1,31044.25
2018/3/2,30583.45
2018/3/5,29886.39
2018/3/6,30510.73
2018/3/7,30196.92
2018/3/8,30654.52
2018/3/9,30996.21
2018/3/12,31594.33
2018/3/13,31601.45
2018/3/14,31435.01
2018/3/15,31541.10
2018/3/16,31501.97
2018/3/19,31513.76
2018/3/20,31549.93
2018/3/21,31414.52
2018/3/22,31071.05
2018/3/23,30309.29
2018/3/26,30548.77
2018/3/27,30790.83
2018/3/28,30022.53
2018/3/29,30093.38
2018/4/3,30180.10
2018/4/4,29518.69
2018/4/6,29844.94
2018/4/9,30229.58
2018/4/10,30728.74
2018/4/11,30897.71
2018/4/12,30831.28
2018/4/13,30808.38
2018/4/16,30315.59
2018/4/17,30062.75
2018/4/18,30284.25
2018/4/19,30708.44
2018/4/20,30418.33
2018/4/23,30254.40
2018/4/24,30636.24
2018/4/25,30328.15
2018/4/26,30007.68
2018/4/27,30280.67
2018/4/30,30808.45
2018/5/2,30723.88
2018/5/3,30313.37
2018/5/4,29926.50
2018/5/7,29994.26
2018/5/8,30402.81
2018/5/9,30536.14
2018/5/10,30809.22
2018/5/11,31122.06
2018/5/14,31541.08
2018/5/15,31152.03
2018/5/16,31110.20
2018/5/17,30942.15
2018/5/18,31047.91
2018/5/21,31234.35
2018/5/23,30665.64
2018/5/24,30760.41
2018/5/25,30588.04
2018/5/28,30792.26
2018/5/29,30484.58
2018/5/30,30056.79
2018/5/31,30468.56
2018/6/1,30492.91
2018/6/4,30997.98
2018/6/5,31093.45
2018/6/6,31259.10
2018/6/7,31512.63
2018/6/8,30958.21
2018/6/11,31063.70
2018/6/12,31103.06
2018/6/13,30725.15
2018/6/14,30440.17
2018/6/15,30309.49
2018/6/19,29468.15
2018/6/20,29696.17
2018/6/21,29296.05
2018/6/22,29338.70
2018/6/25,28961.39
2018/6/26,28881.40
2018/6/27,28356.26
2018/6/28,28497.32
2018/6/29,28955.11
2018/7/3,28545.57
2018/7/4,28241.67
2018/7/5,28182.09
2018/7/6,28315.62
2018/7/9,28688.50
2018/7/10,28682.25
2018/7/11,28311.69
2018/7/12,28480.83
2018/7/13,28525.44
2018/7/16,28539.66
2018/7/17,28181.68
2018/7/18,28117.42
2018/7/19,28010.86
2018/7/20,28224.48
2018/7/23,28256.12
2018/7/24,28662.57
2018/7/25,28920.90
2018/7/26,28781.14
2018/7/27,28804.28
2018/7/30,28733.13
2018/7/31,28583.01
2018/8/1,28340.74
2018/8/2,27714.56
2018/8/3,27676.32
2018/8/6,27819.56
2018/8/7,28248.88
2018/8/8,28359.14
2018/8/9,28607.30
2018/8/10,28366.62
2018/8/13,27936.57
2018/8/14,27752.93
2018/8/15,27323.59
2018/8/16,27100.06
2018/8/17,27213.41
2018/8/20,27598.02
2018/8/21,27752.79
2018/8/22,27927.58
2018/8/23,27790.46
2018/8/24,27671.87
2018/8/27,28271.27
2018/8/28,28351.62
2018/8/29,28416.44
2018/8/30,28164.05
2018/8/31,27888.55
2018/9/3,27712.54
2018/9/4,27973.34
2018/9/5,27243.85
2018/9/6,26974.82
2018/9/7,26973.47
2018/9/10,26613.42
2018/9/11,26422.55
2018/9/12,26345.04
2018/9/13,27014.49
2018/9/14,27286.41
2018/9/17,26932.85
2018/9/18,27084.66
2018/9/19,27407.37
2018/9/20,27477.67
2018/9/21,27953.58
2018/9/24,27499.39
2018/9/26,27816.87
2018/9/27,27715.67
2018/9/28,27788.52
2018/10/2,27126.38
2018/10/3,27091.26
2018/10/4,26623.87
2018/10/5,26572.57
2018/10/8,26202.57
2018/10/9,26172.91
2018/10/10,26193.07
2018/10/11,25266.37
2018/10/12,25801.49
2018/10/15,25445.06
2018/10/16,25462.26
2018/10/18,25454.55
2018/10/19,25561.40
2018/10/22,26153.15
2018/10/23,25346.55
2018/10/24,25249.78
2018/10/25,24994.46
2018/10/26,24717.63
2018/10/29,24812.04
2018/10/30,24585.53
2018/10/31,24979.69
2018/11/1,25416.00
2018/11/2,26486.35
2018/11/5,25934.39
2018/11/6,26120.96
2018/11/7,26147.69
2018/11/8,26227.72
2018/11/9,25601.92
2018/11/12,25633.18
2018/11/13,25792.87
2018/11/14,25654.43
2018/11/15,26103.34
2018/11/16,26183.53
2018/11/19,26372.00
2018/11/20,25840.34
2018/11/21,25971.47
2018/11/22,26019.41
2018/11/23,25927.68
2018/11/26,26376.18
2018/11/27,26331.96
2018/11/28,26682.56
2018/11/29,26451.03
2018/11/30,26506.75
2018/12/3,27182.04
2018/12/4,27260.44
2018/12/5,26819.68
2018/12/6,26156.38
2018/12/7,26063.76
2018/12/10,25752.38
2018/12/11,25771.67
2018/12/12,26186.71
2018/12/13,26524.35
2018/12/14,26094.79
2018/12/17,26087.98
2018/12/18,25814.25
2018/12/19,25865.39
2018/12/20,25623.53
2018/12/21,25753.42
2018/12/24,25651.38
2018/12/27,25478.88
2018/12/28,25504.20
2018/12/31,25845.70
2019/1/2,25130.35
2019/1/3,25064.36
2019/1/4,25626.03
2019/1/7,25835.70
2019/1/8,25875.45
2019/1/9,26462.32
2019/1/10,26521.43
2019/1/11,26667.27
2019/1/14,26298.33
2019/1/15,26830.29
2019/1/16,26902.10
2019/1/17,26755.63
2019/1/18,27090.81
2019/1/21,27196.54
2019/1/22,27005.45
2019/1/23,27008.20
2019/1/24,27120.98
2019/1/25,27569.19
2019/1/28,27576.96
2019/1/29,27531.68
2019/1/30,27642.85
2019/1/31,27942.47
2019/2/1,27930.74
2019/2/4,27990.21
2019/2/8,27946.32
2019/2/11,28143.84
2019/2/12,28171.33
2019/2/13,28497.59
2019/2/14,28432.05
2019/2/15,27900.84
2019/2/18,28347.01
2019/2/19,28228.13
2019/2/20,28514.05
2019/2/21,28629.92
2019/2/22,28816.30
2019/2/25,28959.30
2019/2/26,28772.06
2019/2/27,28757.44
2019/2/28,28633.18
2019/3/1,28812.17
2019/3/4,28959.59
2019/3/5,28961.60
2019/3/6,29037.60
2019/3/7,28779.45
2019/3/8,28228.42
2019/3/11,28503.30
2019/3/12,28920.87
2019/3/13,28807.45
2019/3/14,28851.39
2019/3/15,29012.26
2019/3/18,29409.01
2019/3/19,29466.28
2019/3/20,29320.97
2019/3/21,29071.56
2019/3/22,29113.36
2019/3/25,28523.35
2019/3/26,28566.91
2019/3/27,28728.25
2019/3/28,28775.21
2019/3/29,29051.36
2019/4/1,29562.02
2019/4/2,29624.67
2019/4/3,29986.39
2019/4/4,29936.32
2019/4/8,30077.15
2019/4/9,30157.49
2019/4/10,30119.56
2019/4/11,29839.45
2019/4/12,29909.76
