	code	name	market_cap
0	000001.XSHE	平安银行	2201.2466
1	000002.XSHE	万科A	3391.2275
2	000006.XSHE	深振业A	91.1247
3	000008.XSHE	神州高铁	128.4727
4	000009.XSHE	中国宝安	144.221
5	000011.XSHE	深物业A	69.5508
6	000012.XSHE	南玻A	158.6256
7	000016.XSHE	深康佳A	134.6041
8	000018.XSHE	神州长城	45.8526
9	000019.XSHE	深粮控股	96.5825
10	000021.XSHE	深科技	138.0041
11	000025.XSHE	特力A	96.7354
12	000027.XSHE	深圳能源	257.2955
13	000028.XSHE	国药一致	220.4426
14	000030.XSHE	富奥股份	93.7866
15	000031.XSHE	大悦城	257.5371
16	000034.XSHE	神州数码	103.1469
17	000035.XSHE	中国天楹	127.0582
18	000036.XSHE	华联控股	84.6984
19	000038.XSHE	深大通	68.6407
20	000039.XSHE	中集集团	445.3709
21	000040.XSHE	东旭蓝天	134.7108
22	000042.XSHE	中洲控股	84.1011
23	000043.XSHE	中航善达	58.5592
24	000046.XSHE	泛海控股	380.8815
25	000049.XSHE	德赛电池	71.7327
26	000055.XSHE	方大集团	76.9518
27	000056.XSHE	皇庭国际	68.5226
28	000058.XSHE	深赛格	88.7201
29	000059.XSHE	华锦股份	112.2809
30	000060.XSHE	中金岭南	180.2691
31	000061.XSHE	农产品	101.6482
32	000062.XSHE	深圳华强	160.3487
33	000063.XSHE	中兴通讯	1224.2603
34	000065.XSHE	北方国际	86.1077
35	000066.XSHE	中国长城	310.3527
36	000069.XSHE	华侨城A	631.7143
37	000070.XSHE	特发信息	91.165
38	000078.XSHE	海王生物	121.8299
39	000088.XSHE	盐田港	130.9043
40	000089.XSHE	深圳机场	205.6922
41	000090.XSHE	天健集团	99.4641
42	000100.XSHE	TCL集团	550.1157
43	000150.XSHE	宜华健康	77.4255
44	000151.XSHE	中成股份	39.7205
45	000155.XSHE	川能动力	60.833
46	000156.XSHE	华数传媒	174.7256
47	000157.XSHE	中联重科	349.8224
48	000158.XSHE	常山北明	113.0566
49	000166.XSHE	申万宏源	1243.9841
50	000301.XSHE	东方盛虹	241.7432
51	000333.XSHE	美的集团	3210.7576
52	000338.XSHE	潍柴动力	940.1641
53	000400.XSHE	许继电气	106.8827
54	000401.XSHE	冀东水泥	237.0293
55	000402.XSHE	金融街	256.4502
56	000404.XSHE	长虹华意	33.3382
57	000407.XSHE	胜利股份	41.54
58	000408.XSHE	藏格控股	239.8517
59	000411.XSHE	英特集团	28.0265
60	000413.XSHE	东旭光电	346.1071
61	000415.XSHE	渤海租赁	287.5802
62	000418.XSHE	小天鹅A	360.0753
63	000423.XSHE	东阿阿胶	310.3332
64	000425.XSHE	徐工机械	344.6814
65	000426.XSHE	兴业矿业	116.9681
66	000429.XSHE	粤高速A	189.8452
67	000488.XSHE	晨鸣纸业	196.3515
68	000498.XSHE	山东路桥	68.1045
69	000501.XSHE	鄂武商A	92.35600000000001
70	000503.XSHE	国新健康	251.2208
71	000505.XSHE	京粮控股	43.6848
72	000506.XSHE	中润资源	33.5375
73	000507.XSHE	珠海港	62.4527
74	000513.XSHE	丽珠集团	251.5957
75	000514.XSHE	渝开发	41.6823
76	000516.XSHE	国际医学	120.4311
77	000517.XSHE	荣安地产	101.5671
78	000519.XSHE	中兵红箭	122.5452
79	000520.XSHE	长航凤凰	39.9773
80	000525.XSHE	红太阳	88.8002
81	000528.XSHE	柳工	114.8322
82	000532.XSHE	华金资本	42.0199
83	000533.XSHE	顺钠股份	24.4549
84	000536.XSHE	华映科技	93.7685
85	000537.XSHE	广宇发展	171.5382
86	000538.XSHE	云南白药	890.3968
87	000541.XSHE	佛山照明	83.6809
88	000543.XSHE	皖能电力	96.1443
89	000544.XSHE	中原环保	60.5279
90	000545.XSHE	金浦钛业	38.2891
91	000546.XSHE	金圆股份	71.25
92	000547.XSHE	航天发展	175.8218
93	000550.XSHE	江铃汽车	195.8633
94	000552.XSHE	靖远煤电	71.5822
95	000553.XSHE	安道麦A	281.5983
96	000555.XSHE	神州信息	126.4985
97	000558.XSHE	莱茵体育	58.5308
98	000559.XSHE	万向钱潮	185.5629
99	000560.XSHE	我爱我家	171.4805
100	000561.XSHE	烽火电子	45.2369
101	000563.XSHE	陕国投A	210.0927
102	000564.XSHE	供销大集	218.6849
103	000566.XSHE	海南海药	100.8664
104	000568.XSHE	泸州老窖	975.2322
105	000571.XSHE	新大洲A	28.248
106	000576.XSHE	广东甘化	42.6918
107	000581.XSHE	威孚高科	232.9667
108	000582.XSHE	北部湾港	153.3271
109	000584.XSHE	哈工智能	55.9352
110	000587.XSHE	金洲慈航	66.8981
111	000591.XSHE	太阳能	124.4939
112	000592.XSHE	平潭发展	75.5326
113	000596.XSHE	古井贡酒	541.37
114	000597.XSHE	东北制药	79.786
115	000598.XSHE	兴蓉环境	138.8592
116	000600.XSHE	建投能源	143.6884
117	000601.XSHE	韶能股份	50.2457
118	000603.XSHE	盛达矿业	74.0337
119	000612.XSHE	焦作万方	60.9214
120	000615.XSHE	京汉股份	60.4746
121	000620.XSHE	新华联	89.1444
122	000623.XSHE	吉林敖东	211.7419
123	000625.XSHE	长安汽车	397.6593
124	000626.XSHE	远大控股	46.9756
125	000627.XSHE	天茂集团	336.9509
126	000630.XSHE	铜陵有色	269.4793
127	000631.XSHE	顺发恒业	88.5437
128	000636.XSHE	风华高科	139.2983
129	000639.XSHE	西王食品	79.7235
130	000650.XSHE	仁和药业	82.1019
131	000651.XSHE	格力电器	2840.0266
132	000656.XSHE	金科股份	389.7993
133	000657.XSHE	中钨高新	58.7918
134	000661.XSHE	长春高新	539.2389
135	000665.XSHE	湖北广电	60.3134
136	000666.XSHE	经纬纺机	98.2261
137	000667.XSHE	美好置业	71.6686
138	000671.XSHE	阳光城	338.1811
139	000672.XSHE	上峰水泥	92.5086
140	000673.XSHE	当代东方	41.3189
141	000676.XSHE	智度股份	108.12
142	000681.XSHE	视觉中国	184.6722
143	000683.XSHE	远兴能源	118.5043
144	000685.XSHE	中山公用	127.7446
145	000686.XSHE	东北证券	238.2581
146	000687.XSHE	华讯方舟	70.9501
147	000688.XSHE	国城矿业	138.1819
148	000690.XSHE	宝新能源	177.9876
149	000697.XSHE	炼石航空	95.0337
150	000700.XSHE	模塑科技	31.9291
151	000701.XSHE	厦门信达	31.6752
152	000703.XSHE	恒逸石化	435.6365
153	000709.XSHE	河钢股份	363.1564
154	000710.XSHE	贝瑞基因	154.6082
155	000711.XSHE	京蓝科技	74.3183
156	000712.XSHE	锦龙股份	128.2176
157	000717.XSHE	韶钢松山	138.1548
158	000718.XSHE	苏宁环球	123.2062
159	000722.XSHE	湖南发展	41.4029
160	000723.XSHE	美锦能源	377.6334
161	000725.XSHE	京东方A	1357.1376
162	000726.XSHE	鲁泰A	98.0726
163	000727.XSHE	华东科技	122.7513
164	000728.XSHE	国元证券	351.6892
165	000729.XSHE	燕京啤酒	180.6684
166	000731.XSHE	四川美丰	41.2265
167	000732.XSHE	泰禾集团	235.699
168	000733.XSHE	振华科技	79.2801
169	000735.XSHE	罗牛山	142.5574
170	000738.XSHE	航发控制	178.3765
171	000739.XSHE	普洛药业	131.0518
172	000750.XSHE	国海证券	259.6774
173	000751.XSHE	锌业股份	52.1652
174	000756.XSHE	新华制药	47.5722
175	000758.XSHE	中色股份	95.3179
176	000759.XSHE	中百集团	49.3741
177	000761.XSHE	本钢板材	163.9282
178	000766.XSHE	通化金马	85.6314
179	000768.XSHE	中航飞机	472.05400000000003
180	000776.XSHE	广发证券	1232.33
181	000778.XSHE	新兴铸管	204.3331
182	000783.XSHE	长江证券	416.3698
183	000786.XSHE	北新建材	340.4358
184	000788.XSHE	北大医药	48.2154
185	000789.XSHE	万年青	94.8261
186	000790.XSHE	泰合健康	30.0896
187	000791.XSHE	甘肃电投	63.0261
188	000792.XSHE	盐湖股份	188.0611
189	000793.XSHE	华闻传媒	93.8705
190	000795.XSHE	英洛华	57.251000000000005
191	000796.XSHE	凯撒旅游	67.452
192	000797.XSHE	中国武夷	74.9349
193	000799.XSHE	酒鬼酒	83.8967
194	000800.XSHE	一汽轿车	137.361
195	000801.XSHE	四川九洲	67.8121
196	000802.XSHE	北京文化	90.3466
197	000807.XSHE	云铝股份	127.2137
198	000810.XSHE	创维数字	122.6626
199	000811.XSHE	冰轮环境	59.5585
200	000813.XSHE	德展健康	318.7387
201	000815.XSHE	美利云	60.1403
202	000818.XSHE	航锦科技	84.594
203	000820.XSHE	神雾节能	42.1219
204	000821.XSHE	京山轻机	51.7782
205	000822.XSHE	山东海化	53.8845
206	000826.XSHE	启迪桑德	221.5967
207	000828.XSHE	东莞控股	100.0015
208	000829.XSHE	天音控股	68.1725
209	000830.XSHE	鲁西化工	211.5259
210	000831.XSHE	五矿稀土	128.8888
211	000836.XSHE	富通鑫茂	57.1599
212	000837.XSHE	秦川机床	36.6793
213	000838.XSHE	财信发展	43.9084
214	000839.XSHE	中信国安	232.8377
215	000848.XSHE	承德露露	88.2664
216	000851.XSHE	高鸿股份	62.6265
217	000858.XSHE	五粮液	3687.5276
218	000860.XSHE	顺鑫农业	345.9487
219	000869.XSHE	张裕A	219.1428
220	000875.XSHE	吉电股份	66.1065
221	000876.XSHE	新希望	560.73
222	000877.XSHE	天山股份	123.7493
223	000878.XSHE	云南铜业	171.6675
224	000881.XSHE	中广核技	95.7348
225	000882.XSHE	华联股份	79.3832
226	000883.XSHE	湖北能源	272.6621
227	000885.XSHE	城发环境	45.419
228	000887.XSHE	中鼎股份	151.1375
229	000889.XSHE	中嘉博创	83.9054
230	000892.XSHE	欢瑞世纪	51.8939
231	000895.XSHE	双汇发展	852.9358
232	000898.XSHE	鞍钢股份	412.384
233	000901.XSHE	航天科技	92.0672
234	000902.XSHE	新洋丰	141.5414
235	000905.XSHE	厦门港务	47.1528
236	000908.XSHE	景峰医药	50.0592
237	000910.XSHE	大亚圣象	83.3186
238	000913.XSHE	钱江摩托	53.9708
239	000915.XSHE	山大华特	54.5524
240	000917.XSHE	电广传媒	128.1471
241	000918.XSHE	嘉凯城	139.1032
242	000921.XSHE	海信家电	183.4228
243	000923.XSHE	河北宣工	111.4208
244	000925.XSHE	众合科技	44.0627
245	000926.XSHE	福星股份	75.0721
246	000927.XSHE	一汽夏利	72.8995
247	000928.XSHE	中钢国际	77.6618
248	000930.XSHE	中粮生化	160.006
249	000931.XSHE	中关村	69.5889
250	000932.XSHE	华菱钢铁	228.5863
251	000933.XSHE	神火股份	94.2648
252	000935.XSHE	四川双马	143.3741
253	000936.XSHE	华西股份	94.449
254	000937.XSHE	冀中能源	153.3559
255	000938.XSHE	紫光股份	636.0759
256	000951.XSHE	中国重汽	120.3248
257	000952.XSHE	广济药业	28.6441
258	000957.XSHE	中通客车	44.0528
259	000958.XSHE	东方能源	59.4125
260	000959.XSHE	首钢股份	232.2042
261	000960.XSHE	锡业股份	201.5882
262	000961.XSHE	中南建设	352.4299
263	000963.XSHE	华东医药	475.8024
264	000965.XSHE	天保基建	53.1609
265	000967.XSHE	盈峰环境	220.4654
266	000968.XSHE	蓝焰控股	123.4533
267	000969.XSHE	安泰科技	69.8712
268	000970.XSHE	中科三环	104.2831
269	000971.XSHE	ST高升	48.0025
270	000973.XSHE	佛塑科技	47.1135
271	000975.XSHE	银泰资源	215.9893
272	000976.XSHE	华铁股份	90.9537
273	000977.XSHE	浪潮信息	322.313
274	000980.XSHE	众泰汽车	106.4527
275	000983.XSHE	西山煤电	196.3198
276	000987.XSHE	越秀金控	301.7162
277	000988.XSHE	华工科技	155.2496
278	000989.XSHE	九芝堂	114.1462
279	000990.XSHE	诚志股份	326.2843
280	000996.XSHE	中国中期	49.473
281	000997.XSHE	新大陆	184.8101
282	000998.XSHE	隆平高科	214.1394
283	000999.XSHE	华润三九	282.3148
284	001872.XSHE	招商港口	328.9118
285	001896.XSHE	豫能控股	44.2976
286	001965.XSHE	招商公路	560.9816
287	001979.XSHE	招商蛇口	1821.1029999999998
288	002001.XSHE	新和成	397.0728
289	002002.XSHE	鸿达兴业	140.3083
290	002003.XSHE	伟星股份	57.9886
291	002004.XSHE	华邦健康	120.0548
292	002005.XSHE	德豪润达	48.3533
293	002007.XSHE	华兰生物	420.9177
294	002008.XSHE	大族激光	450.3024
295	002013.XSHE	中航机电	289.4124
296	002016.XSHE	世荣兆业	86.0069
297	002019.XSHE	亿帆医药	159.9241
298	002020.XSHE	京新药业	81.5481
299	002022.XSHE	科华生物	59.7145
300	002023.XSHE	海特高新	97.3233
301	002024.XSHE	苏宁易购	1168.41
302	002025.XSHE	航天电器	119.0046
303	002027.XSHE	分众传媒	920.3031
304	002028.XSHE	思源电气	94.494
305	002030.XSHE	达安基因	106.0559
306	002031.XSHE	巨轮智能	57.6242
307	002032.XSHE	苏泊尔	616.1793
308	002033.XSHE	丽江旅游	38.5193
309	002035.XSHE	华帝股份	123.6917
310	002036.XSHE	联创电子	75.4579
311	002038.XSHE	双鹭药业	189.0324
312	002041.XSHE	登海种业	57.552
313	002042.XSHE	华孚时尚	118.0555
314	002043.XSHE	兔宝宝	54.9302
315	002044.XSHE	美年健康	580.2993
316	002047.XSHE	宝鹰股份	94.9638
317	002048.XSHE	宁波华翔	79.844
318	002049.XSHE	紫光国微	273.2501
319	002050.XSHE	三花智控	333.8724
320	002051.XSHE	中工国际	167.9024
321	002053.XSHE	云南能投	67.8032
322	002055.XSHE	得润电子	69.3158
323	002056.XSHE	横店东磁	114.7233
324	002060.XSHE	粤水电	42.3196
325	002061.XSHE	浙江交科	120.2308
326	002064.XSHE	华峰氨纶	90.5472
327	002065.XSHE	东华软件	275.7202
328	002067.XSHE	景兴纸业	46.7816
329	002068.XSHE	黑猫股份	48.4951
330	002071.XSHE	长城影视	30.002
331	002073.XSHE	软控股份	57.7204
332	002074.XSHE	国轩高科	199.9369
333	002078.XSHE	太阳纸业	185.2959
334	002079.XSHE	苏州固锝	55.9082
335	002080.XSHE	中材科技	179.4301
336	002081.XSHE	金螳螂	315.2809
337	002083.XSHE	孚日股份	56.8408
338	002085.XSHE	万丰奥威	176.9186
339	002086.XSHE	ST东海洋	40.3891
340	002089.XSHE	新海宜	73.8198
341	002091.XSHE	江苏国泰	105.3989
342	002092.XSHE	中泰化学	195.5416
343	002093.XSHE	国脉科技	97.4253
344	002094.XSHE	青岛金王	43.2845
345	002095.XSHE	生意宝	74.1733
346	002097.XSHE	山河智能	77.1469
347	002099.XSHE	海翔药业	107.3278
348	002101.XSHE	广东鸿图	48.8177
349	002104.XSHE	恒宝股份	56.3927
350	002108.XSHE	沧州明珠	71.3216
351	002110.XSHE	三钢闽光	269.5099
352	002113.XSHE	ST天润	56.2498
353	002115.XSHE	三维通信	68.3092
354	002117.XSHE	东港股份	71.4459
355	002118.XSHE	紫鑫药业	131.1498
356	002120.XSHE	韵达股份	661.9835
357	002121.XSHE	科陆电子	91.5427
358	002123.XSHE	梦网集团	102.866
359	002124.XSHE	天邦股份	202.703
360	002126.XSHE	银轮股份	69.9344
361	002127.XSHE	南极电商	281.0827
362	002128.XSHE	露天煤业	148.8919
363	002129.XSHE	中环股份	276.2875
364	002130.XSHE	沃尔核材	66.3733
365	002131.XSHE	利欧股份	131.5638
366	002135.XSHE	东南网架	64.7536
367	002137.XSHE	麦达数字	45.4565
368	002138.XSHE	顺络电子	153.5563
369	002139.XSHE	拓邦股份	59.2066
370	002141.XSHE	贤丰控股	53.8962
371	002142.XSHE	宁波银行	1106.2972
372	002143.XSHE	印纪传媒	69.7315
373	002145.XSHE	中核钛白	74.3112
374	002146.XSHE	荣盛发展	489.1684
375	002147.XSHE	ST新光	58.8641
376	002148.XSHE	北纬科技	40.3145
377	002151.XSHE	北斗星通	132.6564
378	002152.XSHE	广电运通	175.8566
379	002153.XSHE	石基信息	348.3065
380	002155.XSHE	湖南黄金	102.2936
381	002156.XSHE	通富微电	123.5618
382	002157.XSHE	正邦科技	386.2893
383	002158.XSHE	汉钟精机	57.4878
384	002166.XSHE	莱茵生物	37.7811
385	002167.XSHE	东方锆业	44.8944
386	002168.XSHE	惠程科技	94.0331
387	002171.XSHE	楚江新材	80.8152
388	002174.XSHE	游族网络	211.4554
389	002176.XSHE	江特电机	103.574
390	002178.XSHE	延华智能	33.6136
391	002179.XSHE	中航光电	321.4384
392	002182.XSHE	云海金属	55.8509
393	002183.XSHE	怡亚通	120.9938
394	002185.XSHE	华天科技	126.1619
395	002191.XSHE	劲嘉股份	207.8651
396	002192.XSHE	融捷股份	75.5337
397	002195.XSHE	二三四五	269.2437
398	002196.XSHE	方正电机	29.0735
399	002197.XSHE	证通电子	48.4248
400	002198.XSHE	嘉应制药	41.7173
401	002202.XSHE	金风科技	596.7764
402	002203.XSHE	海亮股份	175.6897
403	002204.XSHE	大连重工	82.4695
404	002206.XSHE	海利得	57.727
405	002210.XSHE	飞马国际	57.1897
406	002212.XSHE	南洋股份	199.4908
407	002215.XSHE	诺普信	59.5064
408	002216.XSHE	三全食品	64.8541
409	002218.XSHE	拓日新能	45.4974
410	002219.XSHE	恒康医疗	70.6925
411	002220.XSHE	天宝食品	24.1441
412	002221.XSHE	东华能源	162.9985
413	002222.XSHE	福晶科技	58.31100000000001
414	002223.XSHE	鱼跃医疗	253.0252
415	002224.XSHE	三力士	44.7877
416	002226.XSHE	江南化工	84.9308
417	002229.XSHE	鸿博股份	43.2286
418	002230.XSHE	科大讯飞	759.3793
419	002232.XSHE	启明信息	40.2829
420	002233.XSHE	塔牌集团	147.6036
421	002234.XSHE	民和股份	77.3541
422	002235.XSHE	安妮股份	50.7477
423	002236.XSHE	大华股份	492.2023
424	002237.XSHE	恒邦股份	87.7626
425	002239.XSHE	奥特佳	80.1628
426	002240.XSHE	威华股份	51.0182
427	002241.XSHE	歌尔股份	340.7359
428	002242.XSHE	九阳股份	177.0648
429	002244.XSHE	滨江集团	147.1713
430	002245.XSHE	澳洋顺昌	48.4768
431	002246.XSHE	北化股份	52.8171
432	002247.XSHE	聚力文化	40.5865
433	002249.XSHE	大洋电机	130.1367
434	002250.XSHE	联化科技	95.8288
435	002251.XSHE	步步高	83.0212
436	002252.XSHE	上海莱士	478.0612
437	002253.XSHE	川大智胜	38.4016
438	002254.XSHE	泰和新材	69.8794
439	002256.XSHE	兆新股份	68.1433
440	002258.XSHE	利尔化学	82.3266
441	002261.XSHE	拓维信息	60.7623
442	002262.XSHE	恩华药业	128.012
443	002264.XSHE	新华都	45.1905
444	002266.XSHE	浙富控股	100.51899999999999
445	002267.XSHE	陕天然气	93.6368
446	002268.XSHE	卫士通	251.0816
447	002271.XSHE	东方雨虹	314.3818
448	002273.XSHE	水晶光电	123.3837
449	002275.XSHE	桂林三金	87.8808
450	002276.XSHE	万马股份	72.7949
451	002277.XSHE	友阿股份	56.7428
452	002279.XSHE	久其软件	63.1569
453	002280.XSHE	联络互动	105.1563
454	002281.XSHE	光迅科技	204.6283
455	002283.XSHE	天润曲轴	49.2741
456	002284.XSHE	亚太股份	40.7884
457	002285.XSHE	世联行	123.3954
458	002287.XSHE	奇正藏药	122.2872
459	002292.XSHE	奥飞娱乐	113.0514
460	002293.XSHE	罗莱生活	94.3011
461	002294.XSHE	信立泰	284.4118
462	002298.XSHE	中电兴发	55.0439
463	002299.XSHE	圣农发展	308.5067
464	002301.XSHE	齐心集团	63.5383
465	002302.XSHE	西部建设	184.6824
466	002303.XSHE	美盈森	91.1138
467	002304.XSHE	洋河股份	1965.4137
468	002305.XSHE	南国置业	62.2583
469	002307.XSHE	北新路桥	76.3475
470	002308.XSHE	威创股份	55.5318
471	002309.XSHE	中利集团	92.5838
472	002310.XSHE	东方园林	212.9571
473	002311.XSHE	海大集团	445.8601
474	002313.XSHE	日海智能	83.8032
475	002314.XSHE	南山控股	105.06200000000001
476	002317.XSHE	众生药业	82.34200000000001
477	002318.XSHE	久立特材	69.5096
478	002320.XSHE	海峡股份	104.149
479	002321.XSHE	华英农业	39.4841
480	002322.XSHE	理工环科	58.7457
481	002326.XSHE	永太科技	74.9566
482	002327.XSHE	富安娜	80.7111
483	002329.XSHE	皇氏集团	35.5159
484	002330.XSHE	得利斯	29.4674
485	002332.XSHE	仙琚制药	78.0613
486	002335.XSHE	科华恒盛	53.0562
487	002336.XSHE	人人乐	28.44
488	002340.XSHE	格林美	209.2067
489	002341.XSHE	新纶科技	125.9631
490	002343.XSHE	慈文传媒	51.2471
491	002344.XSHE	海宁皮城	71.3206
492	002345.XSHE	潮宏基	46.9909
493	002346.XSHE	柘中股份	68.4442
494	002349.XSHE	精华制药	57.08
495	002351.XSHE	漫步者	37.4488
496	002352.XSHE	顺丰控股	1617.9912
497	002353.XSHE	杰瑞股份	227.8735
498	002354.XSHE	天神娱乐	52.6661
499	002355.XSHE	兴民智通	54.9808
500	002356.XSHE	赫美集团	84.3963
501	002358.XSHE	森源电气	135.9305
502	002359.XSHE	北讯集团	120.6783
503	002362.XSHE	汉王科技	37.8069
504	002364.XSHE	中恒电气	64.6409
505	002365.XSHE	永安药业	34.0064
506	002366.XSHE	台海核电	113.4111
507	002367.XSHE	康力电梯	64.8492
508	002368.XSHE	太极股份	154.7626
509	002370.XSHE	亚太药业	89.5409
510	002371.XSHE	北方华创	322.8473
511	002372.XSHE	伟星新材	264.283
512	002373.XSHE	千方科技	281.4183
513	002375.XSHE	亚厦股份	89.5118
514	002376.XSHE	新北洋	117.4982
515	002377.XSHE	国创高新	61.9436
516	002378.XSHE	章源钨业	60.7178
517	002382.XSHE	蓝帆医疗	145.8579
518	002383.XSHE	合众思壮	102.9063
519	002384.XSHE	东山精密	305.0881
520	002385.XSHE	大北农	226.1516
521	002387.XSHE	维信诺	179.9845
522	002388.XSHE	新亚制程	30.5283
523	002389.XSHE	航天彩虹	135.9492
524	002390.XSHE	信邦制药	98.5332
525	002393.XSHE	力生制药	50.7225
526	002396.XSHE	星网锐捷	136.3709
527	002399.XSHE	海普瑞	323.15
528	002400.XSHE	省广集团	69.5592
529	002401.XSHE	中远海科	35.3881
530	002402.XSHE	和而泰	81.3519
531	002407.XSHE	多氟多	104.3663
532	002408.XSHE	齐翔腾达	147.8749
533	002409.XSHE	雅克科技	82.1565
534	002410.XSHE	广联达	335.8251
535	002411.XSHE	延安必康	311.2069
536	002413.XSHE	雷科防务	84.1133
537	002414.XSHE	高德红外	168.6116
538	002415.XSHE	海康威视	3278.5071
539	002416.XSHE	爱施德	77.703
540	002418.XSHE	康盛股份	57.8428
541	002419.XSHE	天虹股份	175.2438
542	002421.XSHE	达实智能	93.7764
543	002422.XSHE	科伦药业	416.8191
544	002424.XSHE	贵州百灵	149.4461
545	002425.XSHE	凯撒文化	67.2153
546	002426.XSHE	胜利精密	120.109
547	002428.XSHE	云南锗业	48.4615
548	002429.XSHE	兆驰股份	148.031
549	002430.XSHE	杭氧股份	116.1383
550	002431.XSHE	棕榈股份	69.8883
551	002432.XSHE	九安医疗	30.7725
552	002433.XSHE	太安堂	45.4697
553	002434.XSHE	万里扬	103.18
554	002436.XSHE	兴森科技	81.09100000000001
555	002437.XSHE	誉衡药业	114.3024
556	002439.XSHE	启明星辰	264.345
557	002440.XSHE	闰土股份	163.7161
558	002443.XSHE	金洲管道	40.2374
559	002444.XSHE	巨星科技	131.1802
560	002446.XSHE	盛路通信	88.8901
561	002447.XSHE	晨鑫科技	59.5139
562	002448.XSHE	中原内配	38.6443
563	002449.XSHE	国星光电	88.8133
564	002450.XSHE	ST康得新	209.9754
565	002451.XSHE	摩恩电气	52.70399999999999
566	002453.XSHE	华软科技	39.8767
567	002456.XSHE	欧菲光	385.2271
568	002458.XSHE	益生股份	118.6898
569	002460.XSHE	赣锋锂业	362.8312
570	002461.XSHE	珠江啤酒	141.653
571	002462.XSHE	嘉事堂	45.1448
572	002463.XSHE	沪电股份	198.9064
573	002464.XSHE	众应互联	37.504
574	002465.XSHE	海格通信	225.6191
575	002466.XSHE	天齐锂业	401.5458
576	002467.XSHE	二六三	51.8327
577	002468.XSHE	申通快递	354.6869
578	002470.XSHE	金正大	244.1642
579	002474.XSHE	榕基软件	61.9711
580	002475.XSHE	立讯精密	1020.4249
581	002477.XSHE	雏鹰农牧	74.6168
582	002478.XSHE	常宝股份	60.4796
583	002481.XSHE	双塔食品	48.7409
584	002482.XSHE	广田集团	97.1561
585	002484.XSHE	江海股份	63.8267
586	002485.XSHE	希努尔	44.0096
587	002488.XSHE	金固股份	105.2663
588	002489.XSHE	浙江永强	85.9416
589	002491.XSHE	通鼎互联	136.5001
590	002493.XSHE	荣盛石化	793.3087
591	002497.XSHE	雅化集团	75.936
592	002500.XSHE	山西证券	271.2747
593	002501.XSHE	利源精制	38.6318
594	002502.XSHE	骅威文化	36.9726
595	002503.XSHE	搜于特	109.1654
596	002505.XSHE	大康农业	119.0326
597	002506.XSHE	协鑫集成	268.9545
598	002507.XSHE	涪陵榨菜	244.8586
599	002508.XSHE	老板电器	305.5857
600	002509.XSHE	天广中茂	70.7868
601	002510.XSHE	天汽模	44.2929
602	002511.XSHE	中顺洁柔	123.8437
603	002512.XSHE	达华智能	63.2038
604	002515.XSHE	金字火腿	59.8728
605	002516.XSHE	旷达科技	50.6306
606	002517.XSHE	恺英网络	104.1819
607	002518.XSHE	科士达	73.2716
608	002519.XSHE	银河电子	52.379
609	002521.XSHE	齐峰新材	31.2147
610	002522.XSHE	浙江众成	51.72
611	002530.XSHE	金财互联	88.6476
612	002531.XSHE	天顺风能	118.6606
613	002534.XSHE	杭锅股份	50.5005
614	002537.XSHE	海联金汇	152.5491
615	002538.XSHE	司尔特	43.2308
616	002539.XSHE	云图控股	58.2828
617	002540.XSHE	亚太科技	72.039
618	002542.XSHE	中化岩土	104.8586
619	002543.XSHE	万和电气	84.94200000000001
620	002544.XSHE	杰赛科技	88.4151
621	002545.XSHE	东方铁塔	96.4344
622	002547.XSHE	春兴精工	89.0037
623	002550.XSHE	千红制药	65.152
624	002551.XSHE	尚荣医疗	43.2022
625	002554.XSHE	惠博普	36.1934
626	002555.XSHE	三七互娱	295.357
627	002556.XSHE	辉隆股份	44.4912
628	002557.XSHE	洽洽食品	130.7046
629	002558.XSHE	巨人网络	446.7807
630	002562.XSHE	兄弟科技	56.2561
631	002563.XSHE	森马服饰	323.7117
632	002564.XSHE	天沃科技	51.5622
633	002567.XSHE	唐人神	110.0091
634	002568.XSHE	百润股份	76.359
635	002572.XSHE	索菲亚	236.8588
636	002573.XSHE	清新环境	101.0989
637	002574.XSHE	明牌珠宝	31.7856
638	002577.XSHE	雷柏科技	35.5863
639	002581.XSHE	未名医药	52.383
640	002582.XSHE	好想你	53.0123
641	002583.XSHE	海能达	201.3594
642	002584.XSHE	西陇科学	43.8327
643	002585.XSHE	双星新材	76.6612
644	002586.XSHE	围海股份	62.2458
645	002588.XSHE	史丹利	57.8442
646	002589.XSHE	瑞康医药	136.1763
647	002590.XSHE	万安科技	40.5302
648	002594.XSHE	比亚迪	1459.2836
649	002596.XSHE	海南瑞泽	114.7241
650	002597.XSHE	金禾实业	99.2373
651	002601.XSHE	龙蟒佰利	327.5618
652	002602.XSHE	世纪华通	455.9779
653	002603.XSHE	以岭药业	157.1817
654	002605.XSHE	姚记扑克	42.5215
655	002609.XSHE	捷顺科技	52.6396
656	002610.XSHE	爱康科技	102.8203
657	002611.XSHE	东方精工	75.7523
658	002614.XSHE	奥佳华	117.9684
659	002616.XSHE	长青集团	64.4696
660	002617.XSHE	露笑科技	52.9074
661	002618.XSHE	丹邦科技	99.3379
662	002619.XSHE	艾格拉斯	81.1754
663	002622.XSHE	融钰集团	42.588
664	002624.XSHE	完美世界	419.6841
665	002625.XSHE	光启技术	249.2858
666	002626.XSHE	金达威	81.9304
667	002630.XSHE	华西能源	41.0918
668	002631.XSHE	德尔未来	59.6404
669	002635.XSHE	安洁科技	110.5142
670	002636.XSHE	金安国纪	69.7424
671	002638.XSHE	勤上股份	45.105
672	002640.XSHE	跨境通	178.2399
673	002642.XSHE	荣之联	45.9798
674	002643.XSHE	万润股份	115.369
675	002644.XSHE	佛慈制药	44.8357
676	002646.XSHE	青青稞酒	59.535
677	002647.XSHE	仁东控股	78.4471
678	002648.XSHE	卫星石化	157.4973
679	002649.XSHE	博彦科技	49.3963
680	002650.XSHE	加加食品	47.232
681	002651.XSHE	利君股份	55.75899999999999
682	002653.XSHE	海思科	159.3398
683	002656.XSHE	摩登大道	45.53
684	002657.XSHE	中科金财	65.3211
685	002658.XSHE	雪迪龙	51.718
686	002661.XSHE	克明面业	57.5567
687	002662.XSHE	京威股份	75.15
688	002663.XSHE	普邦股份	66.8071
689	002664.XSHE	长鹰信质	55.5628
690	002665.XSHE	首航节能	101.0411
691	002668.XSHE	奥马电器	73.3943
692	002670.XSHE	国盛金控	289.6822
693	002672.XSHE	东江环保	110.5327
694	002673.XSHE	西部证券	403.7621
695	002675.XSHE	东诚药业	101.6406
696	002677.XSHE	浙江美大	91.8685
697	002681.XSHE	奋达科技	107.3605
698	002685.XSHE	华东重机	68.4222
699	002690.XSHE	美亚光电	187.7928
700	002695.XSHE	煌上煌	65.9312
701	002696.XSHE	百洋股份	33.1666
702	002697.XSHE	红旗连锁	77.792
703	002698.XSHE	博实股份	89.9844
704	002699.XSHE	美盛文化	87.319
705	002701.XSHE	奥瑞金	141.078
706	002703.XSHE	浙江世宝	42.0881
707	002705.XSHE	新宝股份	104.1915
708	002707.XSHE	众信旅游	70.30199999999999
709	002709.XSHE	天赐材料	106.7519
710	002711.XSHE	欧浦智网	44.6718
711	002712.XSHE	思美传媒	52.2501
712	002713.XSHE	东易日盛	54.9234
713	002714.XSHE	牧原股份	1320.1617
714	002716.XSHE	金贵银业	75.3975
715	002717.XSHE	岭南股份	96.1939
716	002721.XSHE	金一文化	54.5906
717	002726.XSHE	龙大肉食	68.0749
718	002727.XSHE	一心堂	143.6458
719	002733.XSHE	雄韬股份	85.1825
720	002736.XSHE	国信证券	1110.28
721	002737.XSHE	葵花药业	109.3832
722	002742.XSHE	三圣股份	32.2704
723	002745.XSHE	木林森	198.3443
724	002746.XSHE	仙坛股份	71.5941
725	002747.XSHE	埃斯顿	90.9987
726	002751.XSHE	易尚展示	41.5876
727	002752.XSHE	昇兴股份	63.0718
728	002756.XSHE	永兴特钢	57.24
729	002759.XSHE	天际股份	43.4997
730	002766.XSHE	索菱股份	25.8957
731	002768.XSHE	国恩股份	68.2465
732	002769.XSHE	普路通	48.2327
733	002770.XSHE	科迪乳业	39.6342
734	002772.XSHE	众兴菌业	29.1941
735	002773.XSHE	康弘药业	342.9649
736	002781.XSHE	奇信股份	39.1725
737	002782.XSHE	可立克	65.391
738	002788.XSHE	鹭燕医药	29.2802
739	002792.XSHE	通宇通讯	72.8383
740	002797.XSHE	第一创业	275.2886
741	002801.XSHE	微光股份	31.913
742	002807.XSHE	江阴银行	112.0549
743	002812.XSHE	恩捷股份	288.1117
744	002815.XSHE	崇达技术	141.244
745	002818.XSHE	富森美	116.8562
746	002821.XSHE	凯莱英	212.3536
747	002822.XSHE	中装建设	36.42
748	002826.XSHE	易明医药	22.8043
749	002831.XSHE	裕同科技	227.5257
750	002833.XSHE	弘亚数控	63.3807
751	002839.XSHE	张家港行	124.5386
752	002840.XSHE	华统股份	51.0004
753	002847.XSHE	盐津铺子	34.6456
754	002850.XSHE	科达利	51.177
755	002851.XSHE	麦格米特	112.1378
756	002852.XSHE	道道全	46.5001
757	002859.XSHE	洁美科技	90.4903
758	002864.XSHE	盘龙药业	29.7885
759	002867.XSHE	周大生	170.8972
760	002872.XSHE	天圣制药	33.7398
761	002873.XSHE	新天药业	21.1241
762	002880.XSHE	卫光生物	52.0344
763	002891.XSHE	中宠股份	36.72
764	002895.XSHE	川恒股份	56.1367
765	002898.XSHE	赛隆药业	26.88
766	002900.XSHE	哈三联	46.3819
767	002901.XSHE	大博医疗	132.034
768	002906.XSHE	华阳集团	54.5011
769	002907.XSHE	华森制药	93.9741
770	002911.XSHE	佛燃股份	97.1888
771	002912.XSHE	中新赛克	127.8185
772	002916.XSHE	深南电路	351.8315
773	002918.XSHE	蒙娜丽莎	56.0695
774	002920.XSHE	德赛西威	158.895
775	002923.XSHE	润都股份	33.611999999999995
776	002925.XSHE	盈趣科技	261.0408
777	002926.XSHE	华西证券	323.6625
778	002928.XSHE	华夏航空	87.3891
779	002929.XSHE	润建通信	78.4533
780	002930.XSHE	宏川智慧	61.5591
781	002932.XSHE	明德生物	31.4282
782	300001.XSHE	特锐德	223.1564
783	300002.XSHE	神州泰岳	105.1145
784	300003.XSHE	乐普医疗	472.13800000000003
785	300005.XSHE	探路者	41.5343
786	300006.XSHE	莱美药业	52.0647
787	300007.XSHE	汉威科技	40.8474
788	300008.XSHE	天海防务	38.3046
789	300009.XSHE	安科生物	171.4122
790	300010.XSHE	立思辰	88.2218
791	300011.XSHE	鼎汉技术	41.396
792	300012.XSHE	华测检测	145.8627
793	300014.XSHE	亿纬锂能	208.5659
794	300015.XSHE	爱尔眼科	810.3493
795	300016.XSHE	北陆药业	49.5347
796	300017.XSHE	网宿科技	308.968
797	300020.XSHE	银江股份	60.5293
798	300021.XSHE	大禹节水	51.5892
799	300024.XSHE	机器人	298.0058
800	300026.XSHE	红日药业	109.0002
801	300027.XSHE	华谊兄弟	152.3251
802	300031.XSHE	宝通科技	59.6342
803	300033.XSHE	同花顺	536.7936
804	300034.XSHE	钢研高纳	60.6074
805	300036.XSHE	超图软件	79.4782
806	300037.XSHE	新宙邦	97.1247
807	300038.XSHE	数知科技	147.8846
808	300039.XSHE	上海凯宝	54.9676
809	300044.XSHE	赛为智能	63.617
810	300045.XSHE	华力创通	64.5627
811	300047.XSHE	天源迪科	65.3699
812	300048.XSHE	合康新能	33.845
813	300049.XSHE	福瑞股份	29.0674
814	300050.XSHE	世纪鼎利	35.7419
815	300053.XSHE	欧比特	82.8547
816	300054.XSHE	鼎龙股份	96.0138
817	300055.XSHE	万邦达	74.5789
818	300058.XSHE	蓝色光标	129.9752
819	300059.XSHE	东方财富	1001.6136
820	300061.XSHE	康旗股份	57.4891
821	300064.XSHE	豫金刚石	63.167
822	300065.XSHE	海兰信	70.8352
823	300066.XSHE	三川智慧	48.7776
824	300068.XSHE	南都电源	134.6971
825	300070.XSHE	碧水源	295.5179
826	300072.XSHE	三聚环保	245.6277
827	300073.XSHE	当升科技	120.3171
828	300075.XSHE	数字政通	56.8964
829	300077.XSHE	国民技术	53.2522
830	300078.XSHE	思创医惠	87.8979
831	300079.XSHE	数码科技	109.6688
832	300083.XSHE	劲胜智能	51.943000000000005
833	300085.XSHE	银之杰	124.8634
834	300086.XSHE	康芝药业	30.51
835	300088.XSHE	长信科技	137.0132
836	300091.XSHE	金通灵	66.9264
837	300094.XSHE	国联水产	58.9757
838	300096.XSHE	易联众	55.81399999999999
839	300097.XSHE	智云股份	38.9254
840	300098.XSHE	高新兴	165.6859
841	300100.XSHE	双林股份	49.3661
842	300101.XSHE	振芯科技	70.6459
843	300102.XSHE	乾照光电	50.0124
844	300109.XSHE	新开源	43.6744
845	300110.XSHE	华仁药业	61.8297
846	300113.XSHE	顺网科技	118.376
847	300114.XSHE	中航电测	60.8483
848	300115.XSHE	长盈精密	114.6424
849	300118.XSHE	东方日升	99.0211
850	300119.XSHE	瑞普生物	56.9931
851	300122.XSHE	智飞生物	817.6
852	300123.XSHE	亚光科技	71.4298
853	300124.XSHE	汇川技术	436.5104
854	300128.XSHE	锦富技术	53.7211
855	300130.XSHE	新国都	83.20200000000001
856	300131.XSHE	英唐智控	68.8775
857	300133.XSHE	华策影视	141.8622
858	300134.XSHE	大富科技	115.8154
859	300136.XSHE	信维通信	281.1666
860	300137.XSHE	先河环保	59.6768
861	300138.XSHE	晨光生物	38.3739
862	300140.XSHE	中环装备	45.2024
863	300142.XSHE	沃森生物	392.0464
864	300143.XSHE	星普医科	50.7403
865	300144.XSHE	宋城演艺	337.005
866	300145.XSHE	中金环境	80.3997
867	300146.XSHE	汤臣倍健	335.6249
868	300147.XSHE	香雪制药	52.3228
869	300148.XSHE	天舟文化	41.4863
870	300149.XSHE	量子生物	87.26100000000001
871	300156.XSHE	神雾环保	42.218999999999994
872	300157.XSHE	恒泰艾普	38.4541
873	300158.XSHE	振东制药	52.4792
874	300159.XSHE	新研股份	99.7051
875	300160.XSHE	秀强股份	25.2598
876	300166.XSHE	东方国信	160.5097
877	300168.XSHE	万达信息	167.886
878	300170.XSHE	汉得信息	150.3565
879	300171.XSHE	东富龙	66.6666
880	300172.XSHE	中电环保	32.272
881	300173.XSHE	智慧松德	33.4123
882	300176.XSHE	派生科技	203.3224
883	300177.XSHE	中海达	60.7782
884	300178.XSHE	腾邦国际	65.4115
885	300180.XSHE	华峰超纤	160.0393
886	300181.XSHE	佐力药业	43.5775
887	300182.XSHE	捷成股份	172.7799
888	300183.XSHE	东软载波	71.3111
889	300184.XSHE	力源信息	81.2573
890	300185.XSHE	通裕重工	74.1778
891	300188.XSHE	美亚柏科	136.7907
892	300189.XSHE	神农基因	47.0016
893	300191.XSHE	潜能恒信	55.36
894	300194.XSHE	福安药业	49.1351
895	300197.XSHE	铁汉生态	106.53299999999999
896	300198.XSHE	纳川股份	47.2449
897	300199.XSHE	翰宇药业	99.5102
898	300202.XSHE	聚龙股份	49.3455
899	300203.XSHE	聚光科技	124.4423
900	300204.XSHE	舒泰神	68.9792
901	300205.XSHE	天喻信息	53.0259
902	300207.XSHE	欣旺达	184.3368
903	300208.XSHE	青岛中程	60.0172
904	300209.XSHE	天泽信息	41.0989
905	300212.XSHE	易华录	129.3789
906	300213.XSHE	佳讯飞鸿	48.0106
907	300215.XSHE	电科院	52.7034
908	300219.XSHE	鸿利智汇	59.8684
909	300221.XSHE	银禧科技	41.6773
910	300222.XSHE	科大智能	126.8685
911	300223.XSHE	北京君正	58.3531
912	300224.XSHE	正海磁材	57.0051
913	300226.XSHE	上海钢联	133.5967
914	300228.XSHE	富瑞特装	31.9729
915	300229.XSHE	拓尔思	54.8602
916	300231.XSHE	银信科技	36.3848
917	300232.XSHE	洲明科技	108.6228
918	300233.XSHE	金城医药	73.0084
919	300236.XSHE	上海新阳	80.9942
920	300237.XSHE	美晨生态	63.4993
921	300238.XSHE	冠昊生物	46.9326
922	300242.XSHE	佳云科技	30.9028
923	300244.XSHE	迪安诊断	133.8949
924	300245.XSHE	天玑科技	34.1669
925	300248.XSHE	新开普	44.5011
926	300251.XSHE	光线传媒	253.4638
927	300252.XSHE	金信诺	77.1368
928	300253.XSHE	卫宁健康	236.8681
929	300255.XSHE	常山药业	70.1225
930	300256.XSHE	星星科技	39.3557
931	300257.XSHE	开山股份	121.0638
932	300262.XSHE	巴安水务	53.8775
933	300263.XSHE	隆华科技	58.2912
934	300266.XSHE	兴源环境	68.2092
935	300267.XSHE	尔康制药	119.2186
936	300269.XSHE	联建光电	36.3971
937	300271.XSHE	华宇软件	160.4803
938	300273.XSHE	和佳股份	47.9927
939	300274.XSHE	阳光电源	160.3291
940	300276.XSHE	三丰智能	73.7607
941	300278.XSHE	华昌达	49.2535
942	300284.XSHE	苏交科	102.5643
943	300285.XSHE	国瓷材料	140.6478
944	300287.XSHE	飞利信	75.6389
945	300288.XSHE	朗玛信息	54.0706
946	300289.XSHE	利德曼	32.2947
947	300291.XSHE	华录百纳	57.6847
948	300292.XSHE	吴通控股	55.3285
949	300294.XSHE	博雅生物	131.1674
950	300296.XSHE	利亚德	225.8074
951	300297.XSHE	蓝盾股份	89.3591
952	300298.XSHE	三诺生物	70.1556
953	300299.XSHE	富春股份	42.7296
954	300300.XSHE	汉鼎宇佑	85.1188
955	300302.XSHE	同有科技	49.4537
956	300303.XSHE	聚飞光电	46.9607
957	300304.XSHE	云意电气	40.5556
958	300307.XSHE	慈星股份	53.5736
959	300308.XSHE	中际旭创	263.878
960	300309.XSHE	吉艾科技	65.6049
961	300310.XSHE	宜通世纪	58.4358
962	300311.XSHE	任子行	60.4958
963	300314.XSHE	戴维医疗	28.8
964	300315.XSHE	掌趣科技	111.1266
965	300316.XSHE	晶盛机电	184.2157
966	300317.XSHE	珈伟新能	52.5674
967	300322.XSHE	硕贝德	56.9885
968	300323.XSHE	华灿光电	98.6694
969	300324.XSHE	旋极信息	142.0262
970	300326.XSHE	凯利泰	80.2347
971	300328.XSHE	宜安科技	43.7268
972	300332.XSHE	天壕环境	50.2595
973	300336.XSHE	新文化	45.2295
974	300339.XSHE	润和软件	102.9759
975	300343.XSHE	联创互联	51.8765
976	300347.XSHE	泰格医药	331.61699999999996
977	300348.XSHE	长亮科技	79.6981
978	300349.XSHE	金卡智能	89.6065
979	300350.XSHE	华鹏飞	34.0858
980	300352.XSHE	北信源	90.469
981	300353.XSHE	东土科技	71.2341
982	300355.XSHE	蒙草生态	82.458
983	300357.XSHE	我武生物	138.6916
984	300358.XSHE	楚天科技	41.8705
985	300359.XSHE	全通教育	45.7028
986	300362.XSHE	天翔环境	23.3795
987	300363.XSHE	博腾股份	60.5163
988	300364.XSHE	中文在线	45.1619
989	300365.XSHE	恒华科技	103.396
990	300366.XSHE	创意信息	47.7223
991	300367.XSHE	东方网力	100.8362
992	300368.XSHE	汇金股份	49.2048
993	300369.XSHE	绿盟科技	108.4358
994	300373.XSHE	扬杰科技	89.6827
995	300376.XSHE	易事特	130.3616
996	300377.XSHE	赢时胜	109.9962
997	300378.XSHE	鼎捷软件	37.9788
998	300379.XSHE	东方通	68.0944
999	300383.XSHE	光环新网	288.6892
1000	300386.XSHE	飞天诚信	58.3589
1001	300388.XSHE	国祯环保	57.644
1002	300393.XSHE	中来股份	50.5607
1003	300396.XSHE	迪瑞医疗	45.1309
1004	300398.XSHE	飞凯材料	80.7393
1005	300401.XSHE	花园生物	68.2507
1006	300406.XSHE	九强生物	82.9455
1007	300408.XSHE	三环集团	361.5849
1008	300409.XSHE	道氏技术	83.8545
1009	300410.XSHE	正业科技	44.3998
1010	300413.XSHE	芒果超媒	438.5804
1011	300418.XSHE	昆仑万维	171.5248
1012	300424.XSHE	航新科技	49.81399999999999
1013	300426.XSHE	唐德影视	31.5755
1014	300429.XSHE	强力新材	82.6304
1015	300431.XSHE	暴风集团	33.941
1016	300432.XSHE	富临精工	33.8168
1017	300433.XSHE	蓝思科技	337.3119
1018	300434.XSHE	金石东方	40.2949
1019	300436.XSHE	广生堂	38.2401
1020	300438.XSHE	鹏辉能源	70.9908
1021	300439.XSHE	美康生物	55.9432
1022	300440.XSHE	运达科技	35.1232
1023	300441.XSHE	鲍斯股份	51.5958
1024	300447.XSHE	全信股份	34.5596
1025	300450.XSHE	先导智能	327.889
1026	300451.XSHE	创业慧康	121.8496
1027	300454.XSHE	深信服	422.8059
1028	300456.XSHE	耐威科技	100.0748
1029	300457.XSHE	赢合科技	92.6849
1030	300458.XSHE	全志科技	80.0006
1031	300459.XSHE	金科文化	162.8238
1032	300463.XSHE	迈克生物	112.71600000000001
1033	300465.XSHE	高伟达	41.7998
1034	300467.XSHE	迅游科技	62.5302
1035	300468.XSHE	四方精创	35.5424
1036	300471.XSHE	厚普股份	39.2803
1037	300474.XSHE	景嘉微	140.1836
1038	300476.XSHE	胜宏科技	106.2967
1039	300477.XSHE	合纵科技	54.2023
1040	300482.XSHE	万孚生物	118.9393
1041	300484.XSHE	蓝海华腾	26.2288
1042	300485.XSHE	赛升药业	56.9379
1043	300494.XSHE	盛天网络	29.232
1044	300495.XSHE	美尚生态	97.7568
1045	300496.XSHE	中科创达	139.2679
1046	300497.XSHE	富祥股份	50.2848
1047	300498.XSHE	温氏股份	2157.1223
1048	300502.XSHE	新易盛	66.3112
1049	300504.XSHE	天邑股份	77.3879
1050	300506.XSHE	名家汇	68.435
1051	300511.XSHE	雪榕生物	36.2672
1052	300512.XSHE	中亚股份	43.361999999999995
1053	300516.XSHE	久之洋	44.424
1054	300518.XSHE	盛讯达	30.0835
1055	300519.XSHE	新光药业	24.991999999999997
1056	300520.XSHE	科大国创	49.1625
1057	300523.XSHE	辰安科技	79.9555
1058	300527.XSHE	中国应急	110.9744
1059	300528.XSHE	幸福蓝海	32.864000000000004
1060	300529.XSHE	健帆生物	259.6711
1061	300531.XSHE	优博讯	64.68
1062	300533.XSHE	冰川网络	37.4914
1063	300550.XSHE	和仁科技	52.4777
1064	300558.XSHE	贝达药业	180.2896
1065	300562.XSHE	乐心医疗	25.4328
1066	300567.XSHE	精测电子	132.4128
1067	300568.XSHE	星源材质	56.6216
1068	300583.XSHE	赛托生物	40.9061
1069	300584.XSHE	海辰药业	34.775999999999996
1070	300595.XSHE	欧普康视	130.7428
1071	300601.XSHE	康泰生物	362.0486
1072	300602.XSHE	飞荣达	88.0085
1073	300607.XSHE	拓斯达	52.3725
1074	300613.XSHE	富瀚微	49.2131
1075	300616.XSHE	尚品宅配	175.6716
1076	300618.XSHE	寒锐钴业	152.1984
1077	300624.XSHE	万兴科技	48.9043
1078	300625.XSHE	三雄极光	45.92
1079	300628.XSHE	亿联网络	292.0573
1080	300630.XSHE	普利制药	137.7304
1081	300633.XSHE	开立医疗	118.723
1082	300634.XSHE	彩讯股份	111.2428
1083	300639.XSHE	凯普生物	33.1255
1084	300642.XSHE	透景生命	40.1618
1085	300653.XSHE	正海生物	44.168
1086	300660.XSHE	江苏雷利	44.0298
1087	300661.XSHE	圣邦股份	74.2046
1088	300664.XSHE	鹏鹞环保	54.24
1089	300666.XSHE	江丰电子	98.3982
1090	300673.XSHE	佩蒂股份	66.6389
1091	300676.XSHE	华大基因	301.7954
1092	300677.XSHE	英科医疗	37.2803
1093	300679.XSHE	电连技术	75.9456
1094	300682.XSHE	朗新科技	98.1733
1095	300683.XSHE	海特生物	33.9935
1096	300685.XSHE	艾德生物	79.416
1097	300699.XSHE	光威复材	212.2273
1098	300702.XSHE	天宇股份	61.1413
1099	300705.XSHE	九典制药	33.5358
1100	300723.XSHE	一品红	60.7131
1101	300725.XSHE	药石科技	108.427
1102	300726.XSHE	宏达电子	82.2206
1103	300735.XSHE	光弘科技	88.2444
1104	300737.XSHE	科顺股份	64.1811
1105	300741.XSHE	华宝股份	257.2531
1106	300747.XSHE	锐科激光	222.976
1107	300750.XSHE	宁德时代	1865.7648
1108	300760.XSHE	迈瑞医疗	1632.6733
1109	600000.XSHG	浦发银行	3310.9148
1110	600004.XSHG	白云机场	305.8456
1111	600006.XSHG	东风汽车	92.6
1112	600008.XSHG	首创股份	237.0832
1113	600009.XSHG	上海机场	1197.6047
1114	600010.XSHG	包钢股份	834.2061
1115	600011.XSHG	华能国际	1029.7949
1116	600012.XSHG	皖通高速	113.6148
1117	600015.XSHG	华夏银行	1269.4460000000001
1118	600016.XSHG	民生银行	2775.8054
1119	600017.XSHG	日照港	111.6462
1120	600018.XSHG	上港集团	1684.7261
1121	600019.XSHG	宝钢股份	1610.5645
1122	600020.XSHG	中原高速	147.2029
1123	600021.XSHG	上海电力	236.3299
1124	600022.XSHG	山东钢铁	210.1738
1125	600023.XSHG	浙能电力	662.3536
1126	600025.XSHG	华能水电	738.0
1127	600026.XSHG	中远海能	260.8725
1128	600027.XSHG	华电国际	430.0258
1129	600028.XSHG	中国石化	6949.4873
1130	600029.XSHG	南方航空	1048.8431
1131	600030.XSHG	中信证券	3002.5698
1132	600031.XSHG	三一重工	1070.3983
1133	600033.XSHG	福建高速	93.0352
1134	600035.XSHG	楚天高速	64.6304
1135	600036.XSHG	招商银行	8554.5713
1136	600037.XSHG	歌华有线	164.7865
1137	600038.XSHG	中直股份	275.5804
1138	600039.XSHG	四川路桥	139.0052
1139	600048.XSHG	保利地产	1693.8521
1140	600050.XSHG	中国联通	2107.6816
1141	600053.XSHG	九鼎投资	116.7092
1142	600054.XSHG	黄山旅游	86.6503
1143	600055.XSHG	万东医疗	72.253
1144	600056.XSHG	中国医药	164.4399
1145	600057.XSHG	厦门象屿	107.2255
1146	600058.XSHG	五矿发展	88.647
1147	600059.XSHG	古越龙山	65.3288
1148	600060.XSHG	海信电器	137.6522
1149	600061.XSHG	国投资本	614.2019
1150	600062.XSHG	华润双鹤	143.8625
1151	600063.XSHG	皖维高新	65.8656
1152	600064.XSHG	南京高科	141.7643
1153	600066.XSHG	宇通客车	297.332
1154	600067.XSHG	冠城大通	74.1579
1155	600068.XSHG	葛洲坝	334.3068
1156	600069.XSHG	银鸽投资	57.9709
1157	600072.XSHG	中船科技	110.2166
1158	600073.XSHG	上海梅林	83.5517
1159	600075.XSHG	新疆天业	59.2266
1160	600076.XSHG	康欣新材	52.4372
1161	600079.XSHG	人福医药	154.593
1162	600080.XSHG	金花股份	31.4294
1163	600084.XSHG	中葡股份	36.7459
1164	600085.XSHG	同仁堂	410.481
1165	600086.XSHG	东方金钰	75.195
1166	600089.XSHG	特变电工	307.5608
1167	600090.XSHG	同济堂	90.4108
1168	600093.XSHG	易见股份	163.9896
1169	600094.XSHG	大名城	178.4709
1170	600096.XSHG	云天化	96.7964
1171	600098.XSHG	广州发展	175.0218
1172	600100.XSHG	同方股份	365.7451
1173	600103.XSHG	青山纸业	57.8228
1174	600104.XSHG	上汽集团	3045.8784
1175	600105.XSHG	永鼎股份	68.0352
1176	600106.XSHG	重庆路桥	42.8363
1177	600108.XSHG	亚盛集团	75.1509
1178	600109.XSHG	国金证券	324.8162
1179	600110.XSHG	诺德股份	55.445
1180	600111.XSHG	北方稀土	405.0869
1181	600114.XSHG	东睦股份	51.8373
1182	600115.XSHG	东方航空	1004.0504
1183	600116.XSHG	三峡水利	95.3285
1184	600118.XSHG	中国卫星	297.6325
1185	600120.XSHG	浙江东方	156.5155
1186	600122.XSHG	宏图高科	53.1641
1187	600123.XSHG	兰花科创	91.84899999999999
1188	600125.XSHG	铁龙物流	112.7971
1189	600126.XSHG	杭钢股份	173.5875
1190	600129.XSHG	太极集团	61.8706
1191	600130.XSHG	波导股份	33.9456
1192	600132.XSHG	重庆啤酒	170.8418
1193	600133.XSHG	东湖高新	52.8367
1194	600136.XSHG	当代明诚	62.7978
1195	600138.XSHG	中青旅	121.7499
1196	600141.XSHG	兴发集团	79.7717
1197	600143.XSHG	金发科技	149.6948
1198	600146.XSHG	商赢环球	64.1509
1199	600151.XSHG	航天机电	93.3698
1200	600153.XSHG	建发股份	245.5284
1201	600155.XSHG	华创阳安	220.2279
1202	600157.XSHG	永泰能源	270.8823
1203	600158.XSHG	中体产业	102.5138
1204	600160.XSHG	巨化股份	236.6333
1205	600161.XSHG	天坛生物	218.6559
1206	600162.XSHG	香江控股	94.5013
1207	600165.XSHG	新日恒力	35.5455
1208	600166.XSHG	福田汽车	156.0811
1209	600167.XSHG	联美控股	238.3164
1210	600169.XSHG	太原重工	77.175
1211	600170.XSHG	上海建工	333.0245
1212	600171.XSHG	上海贝岭	106.6905
1213	600172.XSHG	黄河旋风	62.9912
1214	600173.XSHG	卧龙地产	35.8271
1215	600175.XSHG	美都能源	94.0617
1216	600176.XSHG	中国巨石	374.7468
1217	600177.XSHG	雅戈尔	326.2699
1218	600179.XSHG	安通控股	109.7391
1219	600180.XSHG	瑞茂通	105.1038
1220	600183.XSHG	生益科技	280.3558
1221	600184.XSHG	光电股份	62.6793
1222	600185.XSHG	格力地产	111.0437
1223	600188.XSHG	兖州煤业	521.1649
1224	600191.XSHG	华资实业	27.9321
1225	600195.XSHG	中牧股份	79.42699999999999
1226	600196.XSHG	复星医药	763.2795
1227	600197.XSHG	伊力特	94.5945
1228	600199.XSHG	金种子酒	43.4616
1229	600200.XSHG	江苏吴中	54.3585
1230	600201.XSHG	生物股份	206.1867
1231	600206.XSHG	有研新材	79.9642
1232	600207.XSHG	安彩高科	45.2189
1233	600208.XSHG	新湖中宝	338.8141
1234	600210.XSHG	紫江企业	70.0732
1235	600211.XSHG	西藏药业	73.7876
1236	600216.XSHG	浙江医药	103.1861
1237	600217.XSHG	中再资环	85.5414
1238	600219.XSHG	南山铝业	319.0779
1239	600221.XSHG	海航控股	366.3734
1240	600226.XSHG	瀚叶股份	131.509
1241	600227.XSHG	圣济堂	67.5561
1242	600230.XSHG	沧州大化	81.4254
1243	600231.XSHG	凌钢股份	96.9879
1244	600233.XSHG	圆通速递	379.0129
1245	600236.XSHG	桂冠电力	354.1007
1246	600239.XSHG	云南城投	67.4389
1247	600240.XSHG	华业资本	46.0034
1248	600246.XSHG	万通地产	94.279
1249	600251.XSHG	冠农股份	47.8754
1250	600252.XSHG	中恒集团	113.9835
1251	600255.XSHG	梦舟股份	43.532
1252	600256.XSHG	广汇能源	295.5379
1253	600258.XSHG	首旅酒店	215.1603
1254	600259.XSHG	广晟有色	104.2123
1255	600260.XSHG	凯乐科技	162.1158
1256	600261.XSHG	阳光照明	56.632
1257	600266.XSHG	北京城建	160.6216
1258	600267.XSHG	海正药业	108.912
1259	600269.XSHG	赣粤高速	105.7939
1260	600271.XSHG	航天信息	520.2004
1261	600273.XSHG	嘉化能源	186.8281
1262	600276.XSHG	恒瑞医药	2893.5491
1263	600277.XSHG	亿利洁能	198.5732
1264	600278.XSHG	东方创业	88.2589
1265	600279.XSHG	重庆港九	45.0423
1266	600280.XSHG	中央商场	51.2157
1267	600282.XSHG	南钢股份	182.6417
1268	600283.XSHG	钱江水利	48.8899
1269	600285.XSHG	羚锐制药	51.7248
1270	600290.XSHG	华仪电气	50.9895
1271	600291.XSHG	西水股份	155.3244
1272	600295.XSHG	鄂尔多斯	95.46
1273	600297.XSHG	广汇汽车	433.7321
1274	600298.XSHG	安琪酵母	222.9963
1275	600299.XSHG	安迪苏	334.9695
1276	600300.XSHG	维维股份	58.0184
1277	600303.XSHG	曙光股份	30.6049
1278	600305.XSHG	恒顺醋业	107.426
1279	600307.XSHG	酒钢宏兴	147.8152
1280	600308.XSHG	华泰股份	68.7694
1281	600309.XSHG	万华化学	1429.5266
1282	600310.XSHG	桂东电力	44.1204
1283	600312.XSHG	平高电气	113.3029
1284	600315.XSHG	上海家化	212.0474
1285	600316.XSHG	洪都航空	118.3956
1286	600318.XSHG	新力金融	43.6084
1287	600320.XSHG	振华重工	219.1635
1288	600322.XSHG	天房发展	40.358000000000004
1289	600323.XSHG	瀚蓝环境	132.1039
1290	600325.XSHG	华发股份	196.546
1291	600326.XSHG	西藏天路	75.5481
1292	600329.XSHG	中新药业	122.8659
1293	600330.XSHG	天通股份	86.5019
1294	600331.XSHG	宏达股份	77.0128
1295	600332.XSHG	白云山	634.0585
1296	600335.XSHG	国机汽车	78.0541
1297	600337.XSHG	美克家居	94.4328
1298	600338.XSHG	西藏珠峰	153.7832
1299	600339.XSHG	中油工程	254.0332
1300	600340.XSHG	华夏幸福	931.4039
1301	600343.XSHG	航天动力	70.3303
1302	600346.XSHG	恒力股份	934.7661
1303	600348.XSHG	阳泉煤业	146.4645
1304	600350.XSHG	山东高速	243.445
1305	600351.XSHG	亚宝药业	62.909
1306	600352.XSHG	浙江龙盛	559.5731
1307	600354.XSHG	敦煌种业	24.2789
1308	600360.XSHG	华微电子	53.6445
1309	600361.XSHG	华联综超	30.5606
1310	600362.XSHG	江西铜业	540.1858
1311	600363.XSHG	联创光电	46.299
1312	600366.XSHG	宁波韵升	65.7761
1313	600369.XSHG	西南证券	312.1745
1314	600372.XSHG	中航电子	292.376
1315	600373.XSHG	中文传媒	209.3091
1316	600376.XSHG	首开股份	246.3485
1317	600377.XSHG	宁沪高速	498.73699999999997
1318	600380.XSHG	健康元	171.1283
1319	600381.XSHG	青海春天	46.2017
1320	600382.XSHG	广东明珠	46.7292
1321	600383.XSHG	金地集团	620.7552
1322	600388.XSHG	龙净环保	135.02100000000002
1323	600390.XSHG	五矿资本	379.7117
1324	600391.XSHG	航发科技	55.4287
1325	600392.XSHG	盛和资源	207.1097
1326	600393.XSHG	粤泰股份	71.7758
1327	600398.XSHG	海澜之家	438.9424
1328	600400.XSHG	红豆股份	107.6634
1329	600406.XSHG	国电南瑞	975.7285
1330	600409.XSHG	三友化工	144.7109
1331	600410.XSHG	华胜天成	99.9803
1332	600415.XSHG	小商品城	259.097
1333	600416.XSHG	湘电股份	69.0459
1334	600418.XSHG	江淮汽车	96.1803
1335	600419.XSHG	天润乳业	33.3868
1336	600420.XSHG	现代制药	107.4183
1337	600422.XSHG	昆药集团	80.1274
1338	600426.XSHG	华鲁恒升	248.7163
1339	600428.XSHG	中远海特	90.374
1340	600435.XSHG	北方导航	155.6339
1341	600436.XSHG	片仔癀	693.2115
1342	600438.XSHG	通威股份	472.0965
1343	600439.XSHG	瑞贝卡	41.9967
1344	600446.XSHG	金证股份	202.4668
1345	600449.XSHG	宁夏建材	45.5228
1346	600456.XSHG	宝钛股份	102.4463
1347	600458.XSHG	时代新材	73.2152
1348	600459.XSHG	贵研铂业	69.1579
1349	600460.XSHG	士兰微	215.3093
1350	600466.XSHG	蓝光发展	220.2272
1351	600467.XSHG	好当家	42.3688
1352	600477.XSHG	杭萧钢构	84.5201
1353	600478.XSHG	科力远	85.2418
1354	600479.XSHG	千金药业	42.5622
1355	600480.XSHG	凌云股份	56.4288
1356	600482.XSHG	中国动力	453.7805
1357	600486.XSHG	扬农化工	171.4981
1358	600487.XSHG	亨通光电	403.9621
1359	600489.XSHG	中金黄金	295.0722
1360	600490.XSHG	鹏欣资源	123.5188
1361	600491.XSHG	龙元建设	126.205
1362	600495.XSHG	晋西车轴	64.6382
1363	600498.XSHG	烽火通信	368.2576
1364	600499.XSHG	科达洁能	85.0114
1365	600500.XSHG	中化国际	165.3912
1366	600501.XSHG	航天晨光	39.5164
1367	600502.XSHG	安徽水利	87.0907
1368	600503.XSHG	华丽家族	71.6224
1369	600507.XSHG	方大特钢	208.6365
1370	600508.XSHG	上海能源	77.11399999999999
1371	600511.XSHG	国药股份	203.0258
1372	600512.XSHG	腾达建设	44.2896
1373	600516.XSHG	方大炭素	408.2902
1374	600518.XSHG	康美药业	519.7685
1375	600519.XSHG	贵州茅台	10727.8037
1376	600521.XSHG	华海药业	193.88
1377	600522.XSHG	中天科技	305.0742
1378	600523.XSHG	贵航股份	48.3152
1379	600525.XSHG	长园集团	88.4209
1380	600526.XSHG	菲达环保	27.5892
1381	600528.XSHG	中铁工业	267.4748
1382	600529.XSHG	山东药玻	108.3691
1383	600530.XSHG	交大昂立	48.438
1384	600531.XSHG	豫光金铅	55.0573
1385	600533.XSHG	栖霞建设	40.53
1386	600535.XSHG	天士力	340.6524
1387	600536.XSHG	中国软件	274.4823
1388	600545.XSHG	卓郎智能	157.5088
1389	600546.XSHG	山煤国际	84.4526
1390	600547.XSHG	山东黄金	688.1138
1391	600549.XSHG	厦门钨业	213.1266
1392	600550.XSHG	保变电气	92.2606
1393	600552.XSHG	凯盛科技	42.5483
1394	600557.XSHG	康缘药业	82.2343
1395	600559.XSHG	老白干酒	128.6572
1396	600562.XSHG	国睿科技	113.2056
1397	600563.XSHG	法拉电子	103.68
1398	600565.XSHG	迪马股份	94.0404
1399	600566.XSHG	济川药业	281.275
1400	600567.XSHG	山鹰纸业	181.5496
1401	600568.XSHG	中珠医疗	54.0068
1402	600569.XSHG	安阳钢铁	87.3695
1403	600570.XSHG	恒生电子	540.9502
1404	600571.XSHG	信雅达	47.4414
1405	600572.XSHG	康恩贝	272.6001
1406	600575.XSHG	皖江物流	108.4267
1407	600577.XSHG	精达股份	68.7863
1408	600580.XSHG	卧龙电驱	124.2726
1409	600581.XSHG	八一钢铁	75.4186
1410	600582.XSHG	天地科技	160.9911
1411	600583.XSHG	海油工程	284.7352
1412	600584.XSHG	长电科技	226.1656
1413	600585.XSHG	海螺水泥	2023.2737
1414	600587.XSHG	新华医疗	62.0616
1415	600588.XSHG	用友网络	650.0264
1416	600590.XSHG	泰豪科技	63.3264
1417	600594.XSHG	益佰制药	54.1678
1418	600595.XSHG	中孚实业	49.619
1419	600596.XSHG	新安股份	99.3928
1420	600597.XSHG	光明乳业	121.7141
1421	600598.XSHG	北大荒	172.2572
1422	600600.XSHG	青岛啤酒	583.2193
1423	600602.XSHG	云赛智联	130.8863
1424	600604.XSHG	市北高新	269.1939
1425	600606.XSHG	绿地控股	917.4788
1426	600611.XSHG	大众交通	116.5513
1427	600612.XSHG	老凤祥	232.2643
1428	600614.XSHG	鹏起科技	106.7439
1429	600616.XSHG	金枫酒业	31.7005
1430	600618.XSHG	氯碱化工	102.1101
1431	600619.XSHG	海立股份	82.7327
1432	600621.XSHG	华鑫股份	167.516
1433	600622.XSHG	光大嘉宝	99.7868
1434	600623.XSHG	华谊集团	198.31900000000002
1435	600624.XSHG	复旦复华	82.7132
1436	600626.XSHG	申达股份	53.183
1437	600630.XSHG	龙头股份	39.766999999999996
1438	600633.XSHG	浙数文化	133.968
1439	600637.XSHG	东方明珠	423.9422
1440	600638.XSHG	新黄浦	69.0232
1441	600639.XSHG	浦东金桥	170.3823
1442	600640.XSHG	号百控股	116.3307
1443	600641.XSHG	万业企业	103.8332
1444	600642.XSHG	申能股份	255.8246
1445	600643.XSHG	爱建集团	189.7649
1446	600645.XSHG	中源协和	94.6346
1447	600648.XSHG	外高桥	202.2057
1448	600649.XSHG	城投控股	202.1131
1449	600650.XSHG	锦江投资	66.3035
1450	600652.XSHG	游久游戏	35.0568
1451	600655.XSHG	豫园股份	371.4178
1452	600657.XSHG	信达地产	159.42
1453	600660.XSHG	福耀玻璃	610.3466
1454	600661.XSHG	昂立教育	65.2472
1455	600662.XSHG	强生控股	56.6709
1456	600663.XSHG	陆家嘴	594.7079
1457	600664.XSHG	哈药股份	157.4597
1458	600667.XSHG	太极实业	160.2811
1459	600668.XSHG	尖峰集团	49.8233
1460	600673.XSHG	东阳光科	277.8813
1461	600674.XSHG	川投能源	410.7197
1462	600675.XSHG	中华企业	332.7474
1463	600676.XSHG	交运股份	54.8187
1464	600677.XSHG	航天通信	88.5481
1465	600681.XSHG	百川能源	135.7472
1466	600684.XSHG	珠江实业	43.6972
1467	600686.XSHG	金龙汽车	58.5503
1468	600687.XSHG	刚泰控股	66.9922
1469	600688.XSHG	上海石化	581.2388
1470	600690.XSHG	青岛海尔	1089.6361
1471	600693.XSHG	东百集团	53.8937
1472	600694.XSHG	大商股份	91.229
1473	600699.XSHG	均胜电子	253.0804
1474	600702.XSHG	舍得酒业	108.6106
1475	600703.XSHG	三安光电	598.3049
1476	600704.XSHG	物产中大	243.7582
1477	600705.XSHG	中航资本	530.5009
1478	600707.XSHG	彩虹股份	226.4274
1479	600708.XSHG	光明地产	115.2205
1480	600711.XSHG	盛屯矿业	108.1969
1481	600713.XSHG	南京医药	52.7055
1482	600715.XSHG	文投控股	91.2588
1483	600717.XSHG	天津港	147.7146
1484	600718.XSHG	东软集团	182.0072
1485	600720.XSHG	祁连山	67.6925
1486	600721.XSHG	百花村	23.5828
1487	600728.XSHG	佳都科技	197.8161
1488	600729.XSHG	重庆百货	151.1473
1489	600734.XSHG	实达集团	55.3059
1490	600735.XSHG	新华锦	29.1394
1491	600736.XSHG	苏州高新	86.34700000000001
1492	600737.XSHG	中粮糖业	184.6689
1493	600739.XSHG	辽宁成大	228.9976
1494	600740.XSHG	山西焦化	142.3569
1495	600741.XSHG	华域汽车	642.5251
1496	600742.XSHG	一汽富维	70.0566
1497	600743.XSHG	华远地产	71.7907
1498	600745.XSHG	闻泰科技	191.62599999999998
1499	600748.XSHG	上实发展	167.1174
1500	600750.XSHG	江中药业	75.936
1501	600751.XSHG	海航科技	118.5829
1502	600754.XSHG	锦江股份	266.0189
1503	600755.XSHG	厦门国贸	166.9154
1504	600756.XSHG	浪潮软件	88.5762
1505	600757.XSHG	长江传媒	88.2324
1506	600758.XSHG	红阳能源	53.2773
1507	600759.XSHG	洲际油气	77.1856
1508	600760.XSHG	中航沈飞	458.7675
1509	600763.XSHG	通策医疗	226.0512
1510	600764.XSHG	中国海防	133.6419
1511	600765.XSHG	中航重机	85.1914
1512	600770.XSHG	综艺股份	93.99
1513	600771.XSHG	广誉远	104.3463
1514	600773.XSHG	西藏城投	62.5401
1515	600777.XSHG	新潮能源	174.0927
1516	600779.XSHG	水井坊	219.3082
1517	600781.XSHG	辅仁药业	91.8786
1518	600782.XSHG	新钢股份	193.8743
1519	600783.XSHG	鲁信创投	169.6395
1520	600787.XSHG	中储股份	148.9265
1521	600789.XSHG	鲁抗医药	67.1006
1522	600795.XSHG	国电电力	526.6307
1523	600797.XSHG	浙大网新	109.9538
1524	600798.XSHG	宁波海运	54.0527
1525	600800.XSHG	天津磁卡	49.0239
1526	600801.XSHG	华新水泥	342.9438
1527	600803.XSHG	新奥股份	145.3099
1528	600804.XSHG	鹏博士	151.6971
1529	600808.XSHG	马钢股份	299.5565
1530	600809.XSHG	山西汾酒	523.5784
1531	600811.XSHG	东方集团	156.0122
1532	600812.XSHG	华北制药	82.6818
1533	600814.XSHG	杭州解百	43.6166
1534	600816.XSHG	安信信托	395.4187
1535	600818.XSHG	中路股份	48.6029
1536	600820.XSHG	隧道股份	230.7767
1537	600823.XSHG	世茂股份	196.1861
1538	600827.XSHG	百联股份	181.4499
1539	600828.XSHG	茂业商业	98.8962
1540	600829.XSHG	人民同泰	43.8396
1541	600835.XSHG	上海机电	179.8998
1542	600837.XSHG	海通证券	1613.6885
1543	600839.XSHG	四川长虹	164.3383
1544	600845.XSHG	宝信软件	288.1079
1545	600846.XSHG	同济科技	62.1013
1546	600848.XSHG	上海临港	321.5288
1547	600851.XSHG	海欣股份	101.0306
1548	600855.XSHG	航天长峰	61.3238
1549	600856.XSHG	中天能源	60.9528
1550	600859.XSHG	王府井	146.3232
1551	600862.XSHG	中航高科	136.3795
1552	600863.XSHG	内蒙华电	170.1698
1553	600867.XSHG	通化东宝	353.1004
1554	600868.XSHG	梅雁吉祥	78.0139
1555	600869.XSHG	智慧能源	120.5109
1556	600872.XSHG	中炬高新	291.4099
1557	600873.XSHG	梅花生物	161.6251
1558	600874.XSHG	创业环保	146.1482
1559	600875.XSHG	东方电气	327.9342
1560	600876.XSHG	洛阳玻璃	73.3335
1561	600879.XSHG	航天电子	195.5156
1562	600881.XSHG	亚泰集团	125.73299999999999
1563	600884.XSHG	杉杉股份	167.5165
1564	600885.XSHG	宏发股份	204.1391
1565	600886.XSHG	国投电力	563.2399
1566	600887.XSHG	伊利股份	1769.3429
1567	600893.XSHG	航发动力	593.9589
1568	600895.XSHG	张江高科	351.7074
1569	600897.XSHG	厦门空港	71.53399999999999
1570	600900.XSHG	长江电力	3711.3999
1571	600901.XSHG	江苏租赁	215.9348
1572	600908.XSHG	无锡银行	120.5024
1573	600909.XSHG	华安证券	258.9015
1574	600917.XSHG	重庆燃气	114.366
1575	600919.XSHG	江苏银行	823.1193
1576	600926.XSHG	杭州银行	441.7103
1577	600929.XSHG	湖南盐业	86.0851
1578	600933.XSHG	爱柯迪	80.1058
1579	600939.XSHG	重庆建工	103.9708
1580	600958.XSHG	东方证券	833.6438
1581	600959.XSHG	江苏有线	271.6684
1582	600963.XSHG	岳阳林纸	68.0696
1583	600966.XSHG	博汇纸业	48.2601
1584	600967.XSHG	内蒙一机	203.7696
1585	600970.XSHG	中材国际	133.7732
1586	600971.XSHG	恒源煤电	77.7003
1587	600975.XSHG	新五丰	73.2302
1588	600977.XSHG	中国电影	331.7659
1589	600978.XSHG	宜华生活	69.1017
1590	600985.XSHG	淮北矿业	255.9102
1591	600986.XSHG	科达股份	75.6903
1592	600987.XSHG	航民股份	80.4278
1593	600988.XSHG	赤峰黄金	62.4755
1594	600990.XSHG	四创电子	83.5531
1595	600993.XSHG	马应龙	69.3997
1596	600995.XSHG	文山电力	39.1913
1597	600996.XSHG	贵广网络	106.8633
1598	600997.XSHG	开滦股份	105.9063
1599	600998.XSHG	九州通	294.4177
1600	600999.XSHG	招商证券	1173.7365
1601	601000.XSHG	唐山港	192.0001
1602	601001.XSHG	大同煤业	83.5176
1603	601003.XSHG	柳钢股份	201.4355
1604	601005.XSHG	重庆钢铁	195.3174
1605	601006.XSHG	大秦铁路	1239.8904
1606	601009.XSHG	南京银行	670.9426
1607	601011.XSHG	宝泰隆	106.4858
1608	601012.XSHG	隆基股份	728.3958
1609	601015.XSHG	陕西黑猫	77.8538
1610	601016.XSHG	节能风电	132.1468
1611	601018.XSHG	宁波港	573.0189
1612	601019.XSHG	山东出版	180.3082
1613	601020.XSHG	华钰矿业	56.9041
1614	601021.XSHG	春秋航空	372.2605
1615	601038.XSHG	一拖股份	51.4614
1616	601058.XSHG	赛轮轮胎	81.8543
1617	601066.XSHG	中信建投	1953.6514
1618	601069.XSHG	西部黄金	91.7112
1619	601088.XSHG	中国神华	3900.3545
1620	601098.XSHG	中南传媒	231.1452
1621	601099.XSHG	太平洋	288.3302
1622	601100.XSHG	恒立液压	287.091
1623	601101.XSHG	昊华能源	83.9999
1624	601106.XSHG	中国一重	268.1393
1625	601108.XSHG	财通证券	473.3891
1626	601111.XSHG	中国国航	1574.49
1627	601113.XSHG	华鼎股份	98.85600000000001
1628	601116.XSHG	三江购物	72.0197
1629	601117.XSHG	中国化学	319.1651
1630	601126.XSHG	四方股份	52.8562
1631	601127.XSHG	小康股份	155.0051
1632	601128.XSHG	常熟银行	183.9642
1633	601137.XSHG	博威合金	58.0805
1634	601138.XSHG	工业富联	2905.0569
1635	601139.XSHG	深圳燃气	176.3655
1636	601155.XSHG	新城控股	1018.9110000000001
1637	601158.XSHG	重庆水务	294.72
1638	601163.XSHG	三角轮胎	106.8
1639	601166.XSHG	兴业银行	3774.6704
1640	601168.XSHG	西部矿业	153.9418
1641	601169.XSHG	北京银行	1310.865
1642	601179.XSHG	中国西电	216.3122
1643	601186.XSHG	中国铁建	1563.0052
1644	601198.XSHG	东兴证券	380.5986
1645	601200.XSHG	上海环境	110.2291
1646	601211.XSHG	国泰君安	1755.8594
1647	601212.XSHG	白银有色	322.151
1648	601216.XSHG	君正集团	335.8331
1649	601222.XSHG	林洋能源	102.9235
1650	601225.XSHG	陕西煤业	891.0
1651	601228.XSHG	广州港	313.9942
1652	601229.XSHG	上海银行	1309.1863
1653	601231.XSHG	环旭电子	335.0922
1654	601238.XSHG	广汽集团	1195.299
1655	601288.XSHG	农业银行	13054.3672
1656	601311.XSHG	骆驼股份	114.6185
1657	601318.XSHG	中国平安	14094.0664
1658	601326.XSHG	秦港股份	247.5224
1659	601328.XSHG	交通银行	4633.9941
1660	601330.XSHG	绿色动力	156.2975
1661	601333.XSHG	广深铁路	252.1739
1662	601336.XSHG	新华保险	1674.8846
1663	601360.XSHG	三六零	1746.479
1664	601366.XSHG	利群股份	67.119
1665	601369.XSHG	陕鼓动力	109.4699
1666	601375.XSHG	中原证券	243.7515
1667	601377.XSHG	兴业证券	485.5087
1668	601388.XSHG	怡球资源	52.8629
1669	601390.XSHG	中国中铁	1660.7806
1670	601398.XSHG	工商银行	19851.8281
1671	601500.XSHG	通用股份	69.6087
1672	601555.XSHG	东吴证券	303.6
1673	601566.XSHG	九牧王	82.0582
1674	601588.XSHG	北辰实业	116.8356
1675	601595.XSHG	上海电影	55.8756
1676	601598.XSHG	中国外运	438.1276
1677	601599.XSHG	鹿港文化	32.8523
1678	601600.XSHG	中国铝业	713.25
1679	601601.XSHG	中国太保	3084.7048
1680	601607.XSHG	上海医药	587.7441
1681	601608.XSHG	中信重工	221.3104
1682	601611.XSHG	中国核建	236.5125
1683	601618.XSHG	中国中冶	729.4714
1684	601619.XSHG	嘉泽新能	108.4413
1685	601628.XSHG	中国人寿	8004.5645
1686	601633.XSHG	长城汽车	714.6652
1687	601636.XSHG	旗滨集团	120.4298
1688	601666.XSHG	平煤股份	99.8773
1689	601668.XSHG	中国建筑	2569.2534
1690	601669.XSHG	中国电建	882.7543
1691	601677.XSHG	明泰铝业	64.0606
1692	601678.XSHG	滨化股份	105.7914
1693	601688.XSHG	华泰证券	1849.1611
1694	601689.XSHG	拓普集团	146.7524
1695	601700.XSHG	风范股份	91.7918
1696	601717.XSHG	郑煤机	109.1457
1697	601718.XSHG	际华集团	212.5549
1698	601727.XSHG	上海电气	879.0986
1699	601766.XSHG	中国中车	2611.5967
1700	601777.XSHG	力帆股份	63.3231
1701	601788.XSHG	光大证券	606.7797
1702	601789.XSHG	宁波建工	45.1925
1703	601799.XSHG	星宇股份	165.9693
1704	601800.XSHG	中国交建	2023.4594
1705	601801.XSHG	皖新传媒	159.3353
1706	601808.XSHG	中海油服	486.2252
1707	601811.XSHG	新华文轩	180.0174
1708	601818.XSHG	光大银行	2152.0603
1709	601828.XSHG	美凯龙	464.34
1710	601838.XSHG	成都银行	323.2965
1711	601857.XSHG	中国石油	13909.5947
1712	601858.XSHG	中国科传	92.0932
1713	601866.XSHG	中远海发	358.6719
1714	601869.XSHG	长飞光纤	347.8027
1715	601872.XSHG	招商轮船	296.0507
1716	601877.XSHG	正泰电器	576.5323
1717	601878.XSHG	浙商证券	387.0
1718	601880.XSHG	大连港	321.0739
1719	601881.XSHG	中国银河	1199.2377
1720	601882.XSHG	海天精工	48.806999999999995
1721	601886.XSHG	江河集团	103.8645
1722	601888.XSHG	中国国旅	1368.2949
1723	601890.XSHG	亚星锚链	66.5824
1724	601898.XSHG	中煤能源	678.8436
1725	601899.XSHG	紫金矿业	808.3958
1726	601900.XSHG	南方传媒	85.1083
1727	601901.XSHG	方正证券	632.2254
1728	601908.XSHG	京运通	83.0044
1729	601918.XSHG	新集能源	89.3737
1730	601919.XSHG	中远海控	647.3031
1731	601928.XSHG	凤凰传媒	217.8434
1732	601929.XSHG	吉视传媒	89.5942
1733	601933.XSHG	永辉超市	826.8879
1734	601939.XSHG	建设银行	17375.7637
1735	601949.XSHG	中国出版	105.5228
1736	601952.XSHG	苏垦农发	104.8658
1737	601958.XSHG	金钼股份	223.28099999999998
1738	601966.XSHG	玲珑轮胎	213.4807
1739	601969.XSHG	海南矿业	104.3821
1740	601985.XSHG	中国核电	941.7085
1741	601988.XSHG	中国银行	11098.4199
1742	601989.XSHG	中国重工	1336.1799
1743	601990.XSHG	南京证券	405.2055
1744	601991.XSHG	大唐发电	632.9295
1745	601992.XSHG	金隅集团	474.093
1746	601997.XSHG	贵阳银行	299.9662
1747	601998.XSHG	中信银行	3077.9988
1748	603000.XSHG	人民网	278.6341
1749	603001.XSHG	奥康国际	47.3958
1750	603003.XSHG	龙宇燃油	35.9051
1751	603008.XSHG	喜临门	43.0395
1752	603010.XSHG	万盛股份	39.9349
1753	603013.XSHG	亚普股份	89.352
1754	603025.XSHG	大豪科技	107.4003
1755	603026.XSHG	石大胜华	58.3718
1756	603027.XSHG	千禾味业	78.8342
1757	603039.XSHG	泛微网络	106.5069
1758	603043.XSHG	广州酒家	121.7241
1759	603055.XSHG	台华新材	65.712
1760	603056.XSHG	德邦股份	180.672
1761	603058.XSHG	永吉股份	46.9363
1762	603059.XSHG	倍加洁	27.791999999999998
1763	603063.XSHG	禾望电气	49.1645
1764	603077.XSHG	和邦生物	173.9756
1765	603079.XSHG	圣达生物	23.0384
1766	603081.XSHG	大丰实业	60.0289
1767	603096.XSHG	新经典	79.8317
1768	603098.XSHG	森特股份	65.6656
1769	603103.XSHG	横店影视	111.4833
1770	603105.XSHG	芯能科技	78.15
1771	603108.XSHG	润达医疗	70.3554
1772	603111.XSHG	康尼机电	51.3523
1773	603113.XSHG	金能科技	92.4009
1774	603118.XSHG	共进股份	75.1686
1775	603126.XSHG	中材节能	44.3223
1776	603127.XSHG	昭衍新药	82.8306
1777	603128.XSHG	华贸物流	78.1294
1778	603156.XSHG	养元饮品	435.4654
1779	603160.XSHG	汇顶科技	474.0044
1780	603165.XSHG	荣晟环保	34.495
1781	603168.XSHG	莎普爱思	26.000999999999998
1782	603169.XSHG	兰石重装	70.5558
1783	603180.XSHG	金牌厨柜	53.4937
1784	603198.XSHG	迎驾贡酒	145.44
1785	603218.XSHG	日月股份	108.2417
1786	603222.XSHG	济民制药	79.744
1787	603225.XSHG	新凤鸣	173.3232
1788	603228.XSHG	景旺电子	267.561
1789	603233.XSHG	大参林	198.005
1790	603258.XSHG	电魂网络	45.4554
1791	603259.XSHG	药明康德	1097.7524
1792	603260.XSHG	合盛硅业	408.03
1793	603277.XSHG	银都股份	43.3743
1794	603288.XSHG	海天味业	2341.2202
1795	603298.XSHG	杭叉集团	93.3232
1796	603299.XSHG	苏盐井神	50.6552
1797	603301.XSHG	振德医疗	38.39
1798	603303.XSHG	得邦照明	63.8928
1799	603305.XSHG	旭升股份	124.867
1800	603308.XSHG	应流股份	47.5395
1801	603313.XSHG	梦百合	70.5749
1802	603323.XSHG	苏农银行	122.7589
1803	603328.XSHG	依顿电子	116.6176
1804	603336.XSHG	宏辉果蔬	33.4055
1805	603337.XSHG	杰克股份	126.8035
1806	603338.XSHG	浙江鼎力	205.4892
1807	603339.XSHG	四方科技	38.5029
1808	603345.XSHG	安井食品	87.8203
1809	603348.XSHG	文灿股份	53.372
1810	603355.XSHG	莱克电气	105.6635
1811	603357.XSHG	设计总院	68.084
1812	603358.XSHG	华达科技	44.2176
1813	603359.XSHG	东珠生态	63.728
1814	603363.XSHG	傲农生物	61.5684
1815	603367.XSHG	辰欣药业	81.1049
1816	603368.XSHG	柳药股份	79.0951
1817	603369.XSHG	今世缘	360.0415
1818	603377.XSHG	东方时尚	100.6068
1819	603385.XSHG	惠达卫浴	41.2985
1820	603387.XSHG	基蛋生物	69.1595
1821	603393.XSHG	新天然气	64.57600000000001
1822	603399.XSHG	吉翔股份	63.9152
1823	603421.XSHG	鼎信通讯	134.5097
1824	603444.XSHG	吉比特	148.3865
1825	603456.XSHG	九洲药业	75.8342
1826	603458.XSHG	勘设股份	43.2757
1827	603466.XSHG	风语筑	52.5512
1828	603486.XSHG	科沃斯	243.7409
1829	603508.XSHG	思维列控	85.2569
1830	603515.XSHG	欧普照明	290.9588
1831	603517.XSHG	绝味食品	201.80200000000002
1832	603533.XSHG	掌阅科技	84.3704
1833	603555.XSHG	贵人鸟	49.6596
1834	603556.XSHG	海兴电力	76.7903
1835	603557.XSHG	起步股份	49.558
1836	603568.XSHG	伟明环保	170.5543
1837	603569.XSHG	长久物流	78.458
1838	603579.XSHG	荣泰健康	57.568000000000005
1839	603587.XSHG	地素时尚	108.9918
1840	603588.XSHG	高能环境	68.2313
1841	603589.XSHG	口子窖	326.34
1842	603595.XSHG	东尼电子	57.5574
1843	603596.XSHG	伯特利	92.2939
1844	603599.XSHG	广信股份	73.791
1845	603603.XSHG	博天环境	72.2826
1846	603605.XSHG	珀莱雅	139.685
1847	603609.XSHG	禾丰牧业	90.1571
1848	603612.XSHG	索通发展	50.3554
1849	603618.XSHG	杭电股份	45.8841
1850	603619.XSHG	中曼石油	69.32
1851	603626.XSHG	科森科技	41.2252
1852	603630.XSHG	拉芳家化	39.9934
1853	603636.XSHG	南威软件	72.4191
1854	603638.XSHG	艾迪精密	77.1281
1855	603648.XSHG	畅联股份	47.4843
1856	603650.XSHG	彤程新材	149.54399999999998
1857	603658.XSHG	安图生物	279.51
1858	603659.XSHG	璞泰来	234.7356
1859	603660.XSHG	苏州科达	88.5106
1860	603666.XSHG	亿嘉和	66.4337
1861	603669.XSHG	灵康药业	46.1552
1862	603676.XSHG	卫信康	56.1321
1863	603678.XSHG	火炬电子	92.706
1864	603680.XSHG	今创集团	102.6159
1865	603686.XSHG	龙马环卫	44.2826
1866	603693.XSHG	江苏新能	98.0148
1867	603699.XSHG	纽威股份	92.1
1868	603707.XSHG	健友股份	201.525
1869	603708.XSHG	家家悦	115.2684
1870	603711.XSHG	香飘飘	133.7726
1871	603712.XSHG	七一二	143.1288
1872	603716.XSHG	塞力斯	46.0753
1873	603718.XSHG	海利生物	83.6556
1874	603727.XSHG	博迈科	34.1383
1875	603728.XSHG	鸣志电器	56.6592
1876	603730.XSHG	岱美股份	110.8234
1877	603733.XSHG	仙鹤股份	119.8296
1878	603758.XSHG	秦安股份	30.3209
1879	603766.XSHG	隆鑫通用	103.9092
1880	603773.XSHG	沃格光电	46.2667
1881	603777.XSHG	来伊份	39.7663
1882	603779.XSHG	威龙股份	33.2069
1883	603799.XSHG	华友钴业	311.0723
1884	603801.XSHG	志邦家居	62.736000000000004
1885	603803.XSHG	瑞斯康达	53.7688
1886	603806.XSHG	福斯特	172.458
1887	603808.XSHG	歌力思	57.9886
1888	603816.XSHG	顾家家居	254.2577
1889	603817.XSHG	海峡环保	35.46
1890	603833.XSHG	欧派家居	510.1125
1891	603839.XSHG	安正时尚	52.2245
1892	603843.XSHG	正平股份	41.6003
1893	603848.XSHG	好太太	80.9619
1894	603858.XSHG	步长制药	256.7727
1895	603861.XSHG	白云电器	57.1135
1896	603866.XSHG	桃李面包	270.9394
1897	603868.XSHG	飞科电器	192.2738
1898	603876.XSHG	鼎胜新材	85.31200000000001
1899	603877.XSHG	太平鸟	97.5941
1900	603881.XSHG	数据港	85.7298
1901	603882.XSHG	金域医学	140.9369
1902	603883.XSHG	老百姓	179.1736
1903	603885.XSHG	吉祥航空	265.4189
1904	603886.XSHG	元祖股份	57.096000000000004
1905	603888.XSHG	新华网	127.0584
1906	603896.XSHG	寿仙谷	60.1432
1907	603898.XSHG	好莱客	66.5728
1908	603899.XSHG	晨光文具	340.4
1909	603900.XSHG	莱绅通灵	51.4115
1910	603919.XSHG	金徽酒	57.8396
1911	603920.XSHG	世运电路	56.6883
1912	603939.XSHG	益丰药房	218.6228
1913	603959.XSHG	百利科技	59.0822
1914	603979.XSHG	金诚信	51.2233
1915	603980.XSHG	吉华集团	79.8
1916	603986.XSHG	兆易创新	289.4243
1917	603987.XSHG	康德莱	33.9156
1918	603989.XSHG	艾华集团	81.1204
1919	603993.XSHG	洛阳钼业	1006.5246
1920	603996.XSHG	中新科技	33.7969
1921	603997.XSHG	继峰股份	65.8596
1922	603998.XSHG	方盛制药	29.2537
1923	603999.XSHG	读者传媒	36.2304
