2002/1/4,1316.46
2002/1/7,1302.08
2002/1/8,1292.71
2002/1/9,1272.65
2002/1/10,1281.26
2002/1/11,1249.81
2002/1/14,1205.15
2002/1/15,1186.43
2002/1/16,1201.88
2002/1/17,1152.15
2002/1/18,1149.48
2002/1/21,1108.61
2002/1/22,1109.99
2002/1/23,1183.15
2002/1/24,1189.58
2002/1/25,1189.43
2002/1/28,1112.83
2002/1/29,1140.38
2002/1/30,1145.86
2002/1/31,1221.76
2002/2/1,1215.74
2002/2/4,1236.97
2002/2/5,1246.84
2002/2/6,1216.79
2002/2/7,1241.02
2002/2/8,1235.09
2002/2/25,1254.61
2002/2/26,1253.12
2002/2/27,1256
2002/2/28,1244.6
2002/3/1,1227.23
2002/3/4,1245.87
2002/3/5,1275.61
2002/3/6,1288.44
2002/3/7,1328.39
2002/3/8,1351.85
2002/3/11,1377.04
2002/3/12,1362.4
2002/3/13,1343.14
2002/3/14,1376.33
2002/3/15,1338.7
2002/3/18,1341.91
2002/3/19,1368.38
2002/3/20,1382.42
2002/3/21,1385.79
2002/3/22,1369.9
2002/3/25,1373.01
2002/3/26,1350.01
2002/3/27,1354.1
2002/3/28,1352.53
2002/3/29,1313.47
2002/4/1,1317.58
2002/4/2,1296.57
2002/4/3,1302.25
2002/4/4,1337.73
2002/4/5,1332.2
2002/4/8,1333.71
2002/4/9,1357.74
2002/4/10,1366.72
2002/4/11,1344.73
2002/4/12,1350.69
2002/4/15,1344.58
2002/4/16,1341.5
2002/4/17,1341.77
2002/4/18,1326.55
2002/4/19,1330.64
2002/4/22,1324.87
2002/4/23,1318.66
2002/4/24,1309.73
2002/4/25,1312.48
2002/4/26,1331.71
2002/4/29,1349.79
2002/4/30,1353.61
2002/5/8,1342.29
2002/5/9,1344.78
2002/5/10,1335.45
2002/5/13,1319.81
2002/5/14,1311.68
2002/5/15,1300.12
2002/5/16,1261.52
2002/5/17,1277.24
2002/5/20,1258.83
2002/5/21,1298.88
2002/5/22,1280.16
2002/5/23,1284.84
2002/5/24,1265.97
2002/5/27,1270.34
2002/5/28,1270.38
2002/5/29,1246.02
2002/5/30,1245.89
2002/5/31,1238.58
2002/6/3,1213.39
2002/6/4,1219.52
2002/6/5,1196.62
2002/6/6,1245.61
2002/6/7,1252.51
2002/6/10,1243.74
2002/6/11,1252.85
2002/6/12,1246.84
2002/6/13,1235.57
2002/6/14,1222.12
2002/6/17,1224.65
2002/6/18,1248.84
2002/6/19,1236.05
2002/6/20,1245.08
2002/6/21,1288.52
2002/6/24,1409.51
2002/6/25,1409.23
2002/6/26,1417.31
2002/6/27,1422.51
2002/6/28,1431.18
2002/7/1,1415.33
2002/7/2,1425.81
2002/7/3,1427.39
2002/7/4,1412.62
2002/7/5,1415.4
2002/7/8,1423.7
2002/7/9,1419.47
2002/7/10,1392.9
2002/7/11,1390.93
2002/7/12,1389.45
2002/7/15,1379.38
2002/7/16,1382.41
2002/7/17,1393.02
2002/7/18,1397.41
2002/7/19,1403.25
2002/7/22,1380.28
2002/7/23,1375.61
2002/7/24,1372.89
2002/7/25,1365
2002/7/26,1361.41
2002/7/29,1368.8
2002/7/30,1371.91
2002/7/31,1358.16
2002/8/1,1355.3
2002/8/2,1359.99
2002/8/5,1353.48
2002/8/6,1368.99
2002/8/7,1366.8
2002/8/8,1359.68
2002/8/9,1350.31
2002/8/12,1340.22
2002/8/13,1342.36
2002/8/14,1351.51
2002/8/15,1340.97
2002/8/16,1349.62
2002/8/19,1347.16
2002/8/20,1370.05
2002/8/21,1370.96
2002/8/22,1381.55
2002/8/23,1379.42
2002/8/26,1366.18
2002/8/27,1369.76
2002/8/28,1368.4
2002/8/29,1362.67
2002/8/30,1361.3
2002/9/2,1362.15
2002/9/3,1366.71
2002/9/4,1358.78
2002/9/5,1341.47
2002/9/6,1334.34
2002/9/9,1323.13
2002/9/10,1324.21
2002/9/11,1319.03
2002/9/12,1322.23
2002/9/13,1321.81
2002/9/16,1302.62
2002/9/17,1304.38
2002/9/18,1295.56
2002/9/19,1319.82
2002/9/20,1305.75
2002/9/23,1304.92
2002/9/24,1299.19
2002/9/25,1299.52
2002/9/26,1291.38
2002/9/27,1285.65
2002/10/8,1272.94
2002/10/9,1247.53
2002/10/10,1241.55
2002/10/11,1237.14
2002/10/14,1243.74
2002/10/15,1238.97
2002/10/16,1247.72
2002/10/17,1228.26
2002/10/18,1233.67
2002/10/21,1237.36
2002/10/22,1254.74
2002/10/23,1255.64
2002/10/24,1244.56
2002/10/25,1233.58
2002/10/28,1219.43
2002/10/29,1226.78
2002/10/30,1225.94
2002/10/31,1225.34
2002/11/1,1227.85
2002/11/4,1246.8
2002/11/5,1265.73
2002/11/6,1260.05
2002/11/7,1259.87
2002/11/8,1232.94
2002/11/11,1218.36
2002/11/12,1200.92
2002/11/13,1206.42
2002/11/14,1183.64
2002/11/15,1186.92
2002/11/18,1174.82
2002/11/19,1182.64
2002/11/20,1154.9
2002/11/21,1125.38
2002/11/22,1128.07
2002/11/25,1133.17
2002/11/26,1111.05
2002/11/27,1118.96
2002/11/28,1150.58
2002/11/29,1164.62
2002/12/2,1132.93
2002/12/3,1144.63
2002/12/4,1147.54
2002/12/5,1139.75
2002/12/6,1139.8
2002/12/9,1136.25
2002/12/10,1122.91
2002/12/11,1117.44
2002/12/12,1122.23
2002/12/13,1132.08
2002/12/16,1141.52
2002/12/17,1148.6
2002/12/18,1143.94
2002/12/19,1145.07
2002/12/20,1157.34
2002/12/23,1159.43
2002/12/24,1159.06
2002/12/25,1151.16
2002/12/26,1119.36
2002/12/27,1120.28
2002/12/30,1108.94
2002/12/31,1103.64
2003/1/2,1074.98
2003/1/3,1073.52
2003/1/6,1084.88
2003/1/7,1081.62
2003/1/8,1111.83
2003/1/9,1132.17
2003/1/10,1121.58
2003/1/13,1124.33
2003/1/14,1185.87
2003/1/15,1177.97
2003/1/16,1196.39
2003/1/17,1190.9
2003/1/20,1194.72
2003/1/21,1172.13
2003/1/22,1174.57
2003/1/23,1167.64
2003/1/24,1187.69
2003/1/27,1203.32
2003/1/28,1206.86
2003/1/29,1207.6
2003/2/10,1190.46
2003/2/11,1201.29
2003/2/12,1214.8
2003/2/13,1208.84
2003/2/14,1213.7
2003/2/17,1204.7
2003/2/18,1204.94
2003/2/19,1216.58
2003/2/20,1215.15
2003/2/21,1191.63
2003/2/24,1192.99
2003/2/25,1214.85
2003/2/26,1214.4
2003/2/27,1215.46
2003/2/28,1213.86
2003/3/3,1223.41
2003/3/4,1222.38
2003/3/5,1217.89
2003/3/6,1202.44
2003/3/7,1198.74
2003/3/10,1178.15
2003/3/11,1177.8
2003/3/12,1182.42
2003/3/13,1175.16
2003/3/14,1177.61
2003/3/17,1179.23
2003/3/18,1173.79
2003/3/19,1180.23
2003/3/20,1175.86
2003/3/21,1185.42
2003/3/24,1187.64
2003/3/25,1176.1
2003/3/26,1171.2
2003/3/27,1201.37
2003/3/28,1199.26
2003/3/31,1215.17
2003/4/1,1223.56
2003/4/2,1222.97
2003/4/3,1215.34
2003/4/4,1223.56
2003/4/7,1217.92
2003/4/8,1221.57
2003/4/9,1243.06
2003/4/10,1255.24
2003/4/11,1275
2003/4/14,1306.51
2003/4/15,1317.29
2003/4/16,1304.1
2003/4/17,1307.72
2003/4/18,1300.41
2003/4/21,1274.61
2003/4/22,1274.69
2003/4/23,1254.13
2003/4/24,1218.69
2003/4/25,1205.38
2003/4/28,1250.68
2003/4/29,1231.56
2003/4/30,1239.95
2003/5/12,1251.31
2003/5/13,1216.43
2003/5/14,1243.1
2003/5/15,1273.37
2003/5/16,1274.26
2003/5/19,1275.86
2003/5/20,1261.33
2003/5/21,1259.02
2003/5/22,1270.43
2003/5/23,1283.67
2003/5/26,1292.69
2003/5/27,1293.68
2003/5/28,1277.69
2003/5/29,1294.77
2003/5/30,1300.87
2003/6/2,1300.49
2003/6/3,1285.65
2003/6/4,1296.44
2003/6/5,1279.54
2003/6/6,1262.06
2003/6/9,1249.17
2003/6/10,1255.93
2003/6/11,1278.27
2003/6/12,1273.51
2003/6/13,1277.32
2003/6/16,1273.56
2003/6/17,1268.92
2003/6/18,1266.72
2003/6/19,1253.68
2003/6/20,1244.66
2003/6/23,1231.94
2003/6/24,1235.12
2003/6/25,1226.64
2003/6/26,1238.48
2003/6/27,1220.74
2003/6/30,1214.55
2003/7/1,1215.2
2003/7/2,1227.95
2003/7/3,1231.17
2003/7/4,1229.98
2003/7/7,1232.08
2003/7/8,1239.85
2003/7/9,1231.8
2003/7/10,1257.81
2003/7/11,1255.93
2003/7/14,1251.09
2003/7/15,1254.36
2003/7/16,1259.9
2003/7/17,1269.4
2003/7/18,1241.57
2003/7/21,1232.15
2003/7/22,1235.3
2003/7/23,1239.44
2003/7/24,1231.02
2003/7/25,1218.67
2003/7/28,1213.15
2003/7/29,1219.76
2003/7/30,1221.76
2003/7/31,1222.74
2003/8/1,1226.24
2003/8/4,1240.07
2003/8/5,1239.05
2003/8/6,1232.94
2003/8/7,1232.97
2003/8/8,1218.11
2003/8/11,1222.2
2003/8/12,1225.86
2003/8/13,1210.56
2003/8/14,1203.24
2003/8/15,1201.32
2003/8/18,1197.99
2003/8/19,1201.66
2003/8/20,1195.68
2003/8/21,1194.63
2003/8/22,1191.43
2003/8/25,1177.3
2003/8/26,1179.33
2003/8/27,1178.4
2003/8/28,1169.38
2003/8/29,1178.57
2003/9/1,1199.81
2003/9/2,1197.3
2003/9/3,1198.44
2003/9/4,1196.5
2003/9/5,1183.91
2003/9/8,1177.83
2003/9/9,1172.05
2003/9/10,1176.04
2003/9/11,1176.93
2003/9/12,1164.18
2003/9/15,1152.36
2003/9/16,1159.72
2003/9/17,1147.3
2003/9/18,1148.08
2003/9/19,1149.29
2003/9/22,1141.14
2003/9/23,1147.29
2003/9/24,1150.49
2003/9/25,1136.69
2003/9/26,1131.3
2003/9/29,1116.55
2003/9/30,1127.14
2003/10/8,1131.27
2003/10/9,1128.77
2003/10/10,1155.42
2003/10/13,1151.78
2003/10/14,1142.3
2003/10/15,1139.02
2003/10/16,1124.37
2003/10/17,1128.1
2003/10/20,1120.36
2003/10/21,1124.54
2003/10/22,1152.83
2003/10/23,1143.71
2003/10/24,1140.03
2003/10/27,1130.46
2003/10/28,1130.7
2003/10/29,1123.22
2003/10/30,1110.8
2003/10/31,1111.62
2003/11/3,1123.48
2003/11/4,1145.17
2003/11/5,1138.91
2003/11/6,1118.92
2003/11/7,1103.78
2003/11/10,1108.03
2003/11/11,1108.89
2003/11/12,1089.31
2003/11/13,1091.71
2003/11/14,1100.02
2003/11/17,1095.94
2003/11/18,1081
2003/11/19,1098.05
2003/11/20,1129.13
2003/11/21,1115.47
2003/11/24,1147.59
2003/11/25,1151.54
2003/11/26,1155.27
2003/11/27,1136.02
2003/11/28,1142.98
2003/12/1,1168.51
2003/12/2,1168.4
2003/12/3,1172.47
2003/12/4,1178.65
2003/12/5,1176.66
2003/12/8,1164.43
2003/12/9,1169.28
2003/12/10,1184.68
2003/12/11,1184.63
2003/12/12,1183.11
2003/12/15,1184.67
2003/12/16,1178.35
2003/12/17,1169.41
2003/12/18,1173.4
2003/12/19,1163.64
2003/12/22,1195.44
2003/12/23,1201.08
2003/12/24,1212.33
2003/12/25,1209.06
2003/12/26,1208.52
2003/12/29,1199.25
2003/12/30,1207.1
2003/12/31,1194.74
2004/1/2,1204.61
2004/1/5,1240.47
2004/1/6,1251.14
2004/1/7,1266.27
2004/1/8,1284.34
2004/1/9,1266.41
2004/1/12,1294.68
2004/1/13,1293.18
2004/1/14,1277.96
2004/1/15,1273.62
2004/1/16,1284.3
2004/1/29,1311.95
2004/1/30,1281.33
2004/2/2,1307.27
2004/2/3,1321
2004/2/4,1348.86
2004/2/5,1353.85
2004/2/6,1347.22
2004/2/9,1368.84
2004/2/10,1363.06
2004/2/11,1354.75
2004/2/12,1345.66
2004/2/13,1342.34
2004/2/16,1373.3
2004/2/17,1380.37
2004/2/18,1391.36
2004/2/19,1385.98
2004/2/20,1391.1
2004/2/23,1359.24
2004/2/24,1356.31
2004/2/25,1329.44
2004/2/26,1335.86
2004/2/27,1351.61
2004/3/1,1366.91
2004/3/2,1363.19
2004/3/3,1341.22
2004/3/4,1349.85
2004/3/5,1341.76
2004/3/8,1317.3
2004/3/9,1314.17
2004/3/10,1344.99
2004/3/11,1357.84
2004/3/12,1358.51
2004/3/15,1389.68
2004/3/16,1395.37
2004/3/17,1398.02
2004/3/18,1372.16
2004/3/19,1393.57
2004/3/22,1399.55
2004/3/23,1389.52
2004/3/24,1385.37
2004/3/25,1385.86
2004/3/26,1386.48
2004/3/29,1371.7
2004/3/30,1372.05
2004/3/31,1384.95
2004/4/1,1396.63
2004/4/2,1405.92
2004/4/5,1401.97
2004/4/6,1410.43
2004/4/7,1408.77
2004/4/8,1402.77
2004/4/9,1370.28
2004/4/12,1364.68
2004/4/13,1353.83
2004/4/14,1332.08
2004/4/15,1318.85
2004/4/16,1331.08
2004/4/19,1312
2004/4/20,1301.09
2004/4/21,1289.65
2004/4/22,1296.44
2004/4/23,1276.31
2004/4/26,1276.95
2004/4/27,1264.34
2004/4/28,1258.11
2004/4/29,1233.6
2004/4/30,1239.72
2004/5/10,1206.59
2004/5/11,1212.57
2004/5/12,1240.02
2004/5/13,1234.58
2004/5/14,1207.26
2004/5/17,1195.19
2004/5/18,1209.61
2004/5/19,1209.58
2004/5/20,1201.71
2004/5/21,1209.21
2004/5/24,1200.79
2004/5/25,1177.71
2004/5/26,1183.01
2004/5/27,1208.68
2004/5/28,1201.72
2004/5/31,1206.84
2004/6/1,1224.11
2004/6/2,1211.93
2004/6/3,1193.55
2004/6/4,1192.78
2004/6/7,1176.26
2004/6/8,1160.33
2004/6/9,1137.55
2004/6/10,1139.51
2004/6/11,1140.53
2004/6/14,1115.41
2004/6/15,1134.9
2004/6/16,1141.09
2004/6/17,1116.5
2004/6/18,1103.4
2004/6/21,1109.39
2004/6/22,1119.88
2004/6/23,1110.32
2004/6/24,1099.9
2004/6/25,1081.96
2004/6/28,1069.51
2004/6/29,1084.62
2004/6/30,1078.49
2004/7/1,1112.39
2004/7/2,1114.94
2004/7/5,1116.42
2004/7/6,1121.28
2004/7/7,1110.62
2004/7/8,1113.03
2004/7/9,1106.92
2004/7/12,1083.18
2004/7/13,1086.81
2004/7/14,1088.78
2004/7/15,1104.01
2004/7/16,1132.8
2004/7/19,1134.5
2004/7/20,1125.88
2004/7/21,1125.66
2004/7/22,1097.86
2004/7/23,1101.6
2004/7/26,1087.27
2004/7/27,1083.4
2004/7/28,1089.52
2004/7/29,1104.17
2004/7/30,1088.68
2004/8/2,1080.55
2004/8/3,1073.58
2004/8/4,1103.55
2004/8/5,1088.81
2004/8/6,1088.24
2004/8/9,1093.48
2004/8/10,1098.59
2004/8/11,1086.08
2004/8/12,1074.82
2004/8/13,1077.25
2004/8/16,1067.6
2004/8/17,1072.51
2004/8/18,1071.83
2004/8/19,1059.2
2004/8/20,1060.23
2004/8/23,1047.21
2004/8/24,1059.42
2004/8/25,1055.53
2004/8/26,1051
2004/8/27,1039.24
2004/8/30,1038.34
2004/8/31,1055.97
2004/9/1,1040.06
2004/9/2,1045.37
2004/9/3,1043.54
2004/9/6,1039.67
2004/9/7,1041.49
2004/9/8,1031.61
2004/9/9,1012.56
2004/9/10,1015.15
2004/9/13,993.26
2004/9/14,1023.41
2004/9/15,1066.28
2004/9/16,1077.92
2004/9/17,1112.77
2004/9/20,1152.13
2004/9/21,1143.46
2004/9/22,1120.11
2004/9/23,1157.93
2004/9/24,1135.97
2004/9/27,1128.05
2004/9/28,1136.34
2004/9/29,1124.01
2004/9/30,1109.32
2004/10/8,1131.92
2004/10/11,1126.33
2004/10/12,1103.55
2004/10/13,1104.18
2004/10/14,1060.13
2004/10/15,1061.64
2004/10/18,1063.47
2004/10/19,1066.64
2004/10/20,1062.9
2004/10/21,1049.97
2004/10/22,1063.14
2004/10/25,1049.19
2004/10/26,1059.25
2004/10/27,1069.69
2004/10/28,1068.68
2004/10/29,1050.3
2004/11/1,1038.43
2004/11/2,1035.73
2004/11/3,1054.69
2004/11/4,1032.72
2004/11/5,1033.8
2004/11/8,1034.81
2004/11/9,1037.21
2004/11/10,1076.28
2004/11/11,1070.27
2004/11/12,1072.62
2004/11/15,1084.71
2004/11/16,1084.65
2004/11/17,1074.39
2004/11/18,1085.03
2004/11/19,1091.37
2004/11/22,1094.35
2004/11/23,1084.88
2004/11/24,1077.67
2004/11/25,1076.34
2004/11/26,1074.99
2004/11/29,1061.35
2004/11/30,1062.81
2004/12/1,1058.15
2004/12/2,1056.06
2004/12/3,1058.33
2004/12/6,1060.25
2004/12/7,1048.18
2004/12/8,1049.18
2004/12/9,1059.53
2004/12/10,1043.55
2004/12/13,1037.45
2004/12/14,1034.29
2004/12/15,1037.88
2004/12/16,1033.27
2004/12/17,1023
2004/12/20,1009.37
2004/12/21,1008.12
2004/12/22,1034.03
2004/12/23,1015.51
2004/12/24,1016.4
2004/12/27,1012.45
2004/12/28,1010.7
2004/12/29,1005.53
2004/12/30,1003.99
2004/12/31,1000
2005/1/4,982.79
2005/1/5,992.56
2005/1/6,983.17
2005/1/7,983.96
2005/1/10,993.88
2005/1/11,997.14
2005/1/12,996.75
2005/1/13,996.88
2005/1/14,988.31
2005/1/17,967.45
2005/1/18,974.69
2005/1/19,967.21
2005/1/20,956.25
2005/1/21,982.6
2005/1/24,998.13
2005/1/25,997.78
2005/1/26,989.93
2005/1/27,974.63
2005/1/28,969.21
2005/1/31,954.88
2005/2/1,955.95
2005/2/2,1006.91
2005/2/3,993.22
2005/2/4,1016.86
2005/2/16,1023.58
2005/2/17,1020.61
2005/2/18,1006.06
2005/2/21,1025.63
2005/2/22,1046.74
2005/2/23,1043.94
2005/2/24,1045.46
2005/2/25,1046.76
2005/2/28,1039.99
2005/3/1,1035.93
2005/3/2,1021.32
2005/3/3,1027.71
2005/3/4,1023.67
2005/3/7,1029.87
2005/3/8,1048.99
2005/3/9,1046.54
2005/3/10,1022.41
2005/3/11,1027.43
2005/3/14,1031.03
2005/3/15,1013.52
2005/3/16,1003.07
2005/3/17,992.86
2005/3/18,978.67
2005/3/21,981.89
2005/3/22,964.02
2005/3/23,959.01
2005/3/24,964.8
2005/3/25,962.96
2005/3/28,960.7
2005/3/29,955.19
2005/3/30,937.03
2005/3/31,942.2
2005/4/1,978.15
2005/4/4,962.17
2005/4/5,955.6
2005/4/6,973.67
2005/4/7,984.73
2005/4/8,1003.445
2005/4/11,995.421
2005/4/12,978.697
2005/4/13,1000.9
2005/4/14,986.975
2005/4/15,974.082
2005/4/18,963.772
2005/4/19,965.886
2005/4/20,950.867
2005/4/21,943.981
2005/4/22,939.101
2005/4/25,930.07
2005/4/26,937.083
2005/4/27,926.604
2005/4/28,942.073
2005/4/29,932.395
2005/5/9,909.174
2005/5/10,913.076
2005/5/11,901.851
2005/5/12,885.82
2005/5/13,887.543
2005/5/16,875.271
2005/5/17,881.462
2005/5/18,883.196
2005/5/19,884.171
2005/5/20,882.763
2005/5/23,863.341
2005/5/24,868.456
2005/5/25,868.451
2005/5/26,857.331
2005/5/27,849.508
2005/5/30,855.612
2005/5/31,855.946
2005/6/1,837.532
2005/6/2,818.379
2005/6/3,818.033
2005/6/6,838.997
2005/6/7,837.282
2005/6/8,905.773
2005/6/9,912.604
2005/6/10,894.556
2005/6/13,892.959
2005/6/14,883.537
2005/6/15,866.834
2005/6/16,879.237
2005/6/17,880.345
2005/6/20,906.255
2005/6/21,896.166
2005/6/22,900.646
2005/6/23,893.572
2005/6/24,898.301
2005/6/27,916.043
2005/6/28,903.716
2005/6/29,898.898
2005/6/30,878.686
2005/7/1,859.494
2005/7/4,855.932
2005/7/5,849.679
2005/7/6,842.556
2005/7/7,844.729
2005/7/8,829.489
2005/7/11,824.097
2005/7/12,851.816
2005/7/13,846.231
2005/7/14,849.59
2005/7/15,841.001
2005/7/18,832.995
2005/7/19,835.608
2005/7/20,842.641
2005/7/21,843.987
2005/7/22,859.693
2005/7/25,856.86
2005/7/26,876.48
2005/7/27,894.012
2005/7/28,890.885
2005/7/29,888.164
2005/8/1,891.607
2005/8/2,903.598
2005/8/3,909.57
2005/8/4,904.15
2005/8/5,923.803
2005/8/8,927.471
2005/8/9,933.089
2005/8/10,940.37
2005/8/11,953.992
2005/8/12,938.316
2005/8/15,954.502
2005/8/16,945.058
2005/8/17,953.012
2005/8/18,920.671
2005/8/19,923.038
2005/8/22,931.673
2005/8/23,923.414
2005/8/24,930.651
2005/8/25,930.118
2005/8/26,928.258
2005/8/29,917.371
2005/8/30,914.88
2005/8/31,927.916
2005/9/1,944.559
2005/9/2,947.871
2005/9/5,952.717
2005/9/6,936.61
2005/9/7,952.758
2005/9/8,955.282
2005/9/9,949.065
2005/9/12,949.506
2005/9/13,963.774
2005/9/14,970.193
2005/9/15,969.598
2005/9/16,967.495
2005/9/19,971.136
2005/9/20,961.919
2005/9/21,944.408
2005/9/22,923.274
2005/9/23,916.154
2005/9/26,918.485
2005/9/27,904.214
2005/9/28,903.719
2005/9/29,915.975
2005/9/30,917.392
2005/10/10,907.321
2005/10/11,919.72
2005/10/12,923.485
2005/10/13,916.499
2005/10/14,904.828
2005/10/17,897.623
2005/10/18,902.366
2005/10/19,898.744
2005/10/20,899.915
2005/10/21,904.414
2005/10/24,906.652
2005/10/25,894.272
2005/10/26,875.82
2005/10/27,875.849
2005/10/28,867.729
2005/10/31,876.282
2005/11/1,872.865
2005/11/2,882.478
2005/11/3,874.575
2005/11/4,878.361
2005/11/7,877.278
2005/11/8,881.524
2005/11/9,879.252
2005/11/10,862.968
2005/11/11,864.79
2005/11/14,862.149
2005/11/15,856.635
2005/11/16,863.119
2005/11/17,862.658
2005/11/18,882.241
2005/11/21,883.871
2005/11/22,869.617
2005/11/23,876.229
2005/11/24,881.493
2005/11/25,884.105
2005/11/28,880.167
2005/11/29,871.31
2005/11/30,873.825
2005/12/1,873.067
2005/12/2,869.936
2005/12/5,859.61
2005/12/6,866.075
2005/12/7,873.838
2005/12/8,874.056
2005/12/9,887.358
2005/12/12,888.518
2005/12/13,889.101
2005/12/14,898.153
2005/12/15,896.434
2005/12/16,902.561
2005/12/19,902.91
2005/12/20,907.318
2005/12/21,903.144
2005/12/22,908.754
2005/12/23,915.89
2005/12/26,922.378
2005/12/27,919.36
2005/12/28,920.919
2005/12/29,932.031
2005/12/30,923.451
2006/1/4,941.428
2006/1/5,959.134
2006/1/6,970.032
2006/1/9,975.253
2006/1/10,978.154
2006/1/11,973.477
2006/1/12,983.716
2006/1/13,978.809
2006/1/16,961.439
2006/1/17,964.29
2006/1/18,983.622
2006/1/19,991.222
2006/1/20,993.34
2006/1/23,996.162
2006/1/24,999.093
2006/1/25,1009.597
2006/2/6,1033.234
2006/2/7,1029.937
2006/2/8,1033.072
2006/2/9,1019.599
2006/2/10,1032.337
2006/2/13,1031.614
2006/2/14,1038.531
2006/2/15,1041.66
2006/2/16,1020.121
2006/2/17,1020.368
2006/2/20,1021.639
2006/2/21,1038.816
2006/2/22,1037.885
2006/2/23,1041.373
2006/2/24,1049.444
2006/2/27,1047.845
2006/2/28,1053.01
2006/3/1,1056.619
2006/3/2,1038.666
2006/3/3,1041.677
2006/3/6,1038.873
2006/3/7,1014.973
2006/3/8,1009.271
2006/3/9,1004.344
2006/3/10,1008.897
2006/3/13,1019.864
2006/3/14,1018.272
2006/3/15,1028.958
2006/3/16,1027.616
2006/3/17,1024.015
2006/3/20,1037.659
2006/3/21,1040.757
2006/3/22,1047.666
2006/3/23,1048.537
2006/3/24,1042.601
2006/3/27,1050.707
2006/3/28,1055.982
2006/3/29,1065.294
2006/3/30,1055.634
2006/3/31,1061.088
2006/4/3,1079.322
2006/4/4,1089.371
2006/4/5,1099.97
2006/4/6,1103.237
2006/4/7,1103.154
2006/4/10,1117.91
2006/4/11,1123.308
2006/4/12,1117.073
2006/4/13,1093.925
2006/4/14,1118.607
2006/4/17,1124.414
2006/4/18,1131.281
2006/4/19,1138.241
2006/4/20,1134.381
2006/4/21,1149.158
2006/4/24,1142.698
2006/4/25,1141.93
2006/4/26,1155.726
2006/4/27,1155.268
2006/4/28,1172.347
2006/5/8,1218.445
2006/5/9,1251.611
2006/5/10,1265.933
2006/5/11,1255.035
2006/5/12,1296.257
2006/5/15,1352.155
2006/5/16,1331.127
2006/5/17,1335.523
2006/5/18,1331.201
2006/5/19,1366.097
2006/5/22,1373.674
2006/5/23,1317.654
2006/5/24,1308.242
2006/5/25,1307.697
2006/5/26,1331.02
2006/5/29,1366.292
2006/5/30,1378.756
2006/5/31,1365.451
2006/6/1,1402.879
2006/6/2,1390.116
2006/6/5,1403.163
2006/6/6,1399.142
2006/6/7,1320.233
2006/6/8,1325.979
2006/6/9,1294.185
2006/6/12,1297.67
2006/6/13,1298.276
2006/6/14,1283.88
2006/6/15,1285.385
2006/6/16,1318.01
2006/6/19,1334.893
2006/6/20,1338.223
2006/6/21,1333.532
2006/6/22,1331.553
2006/6/23,1339.446
2006/6/26,1363.413
2006/6/27,1363.896
2006/6/28,1362.885
2006/6/29,1395.124
2006/6/30,1393.963
2006/7/3,1420.328
2006/7/4,1411.013
2006/7/5,1393.009
2006/7/6,1418.675
2006/7/7,1410.429
2006/7/10,1412.124
2006/7/11,1418.575
2006/7/12,1419.199
2006/7/13,1346.088
2006/7/14,1357.129
2006/7/17,1372.254
2006/7/18,1373.416
2006/7/19,1336.644
2006/7/20,1345.194
2006/7/21,1356.033
2006/7/24,1358.122
2006/7/25,1374.17
2006/7/26,1371.295
2006/7/27,1355.545
2006/7/28,1341.393
2006/7/31,1294.328
2006/8/1,1282.057
2006/8/2,1275.088
2006/8/3,1271.744
2006/8/4,1241.908
2006/8/7,1224.102
2006/8/8,1252.386
2006/8/9,1251.298
2006/8/10,1271.473
2006/8/11,1275.654
2006/8/14,1245.721
2006/8/15,1265.863
2006/8/16,1283.567
2006/8/17,1271.627
2006/8/18,1267.866
2006/8/21,1270.562
2006/8/22,1285.268
2006/8/23,1285.68
2006/8/24,1292.401
2006/8/25,1295.437
2006/8/28,1325.894
2006/8/29,1330.155
2006/8/30,1334.671
2006/8/31,1338.694
2006/9/1,1318.099
2006/9/4,1337.243
2006/9/5,1340.682
2006/9/6,1346.367
2006/9/7,1328.377
2006/9/8,1332.153
2006/9/11,1338.755
2006/9/12,1347.639
2006/9/13,1338.386
2006/9/14,1338.278
2006/9/15,1362.322
2006/9/18,1375.563
2006/9/19,1378.309
2006/9/20,1378.459
2006/9/21,1387.37
2006/9/22,1374.852
2006/9/25,1372.399
2006/9/26,1357.646
2006/9/27,1371.117
2006/9/28,1387.002
2006/9/29,1403.265
2006/10/9,1436.074
2006/10/10,1437.245
2006/10/11,1435.906
2006/10/12,1426.5
2006/10/13,1430.882
2006/10/16,1418.517
2006/10/17,1414.448
2006/10/18,1437.593
2006/10/19,1439.377
2006/10/20,1440.182
2006/10/23,1408.715
2006/10/24,1440.054
2006/10/25,1446.825
2006/10/26,1456.095
2006/10/27,1439.05
2006/10/30,1446.239
2006/10/31,1464.473
2006/11/1,1479.409
2006/11/2,1479.656
2006/11/3,1488.291
2006/11/6,1507.891
2006/11/7,1516.104
2006/11/8,1498.173
2006/11/9,1524.714
2006/11/10,1504.062
2006/11/13,1475.779
2006/11/14,1493.776
2006/11/15,1534.762
2006/11/16,1533.288
2006/11/17,1562.084
2006/11/20,1593.158
2006/11/21,1612.249
2006/11/22,1624.028
2006/11/23,1634.914
2006/11/24,1636.58
2006/11/27,1651.801
2006/11/28,1644.014
2006/11/29,1667.142
2006/11/30,1714.358
2006/12/1,1729.224
2006/12/4,1780.736
2006/12/5,1794.231
2006/12/6,1779.411
2006/12/7,1775.714
2006/12/8,1711.584
2006/12/11,1789.924
2006/12/12,1802.788
2006/12/13,1803.856
2006/12/14,1836.143
2006/12/15,1867.636
2006/12/18,1916.108
2006/12/19,1921.444
2006/12/20,1936.547
2006/12/21,1908.985
2006/12/22,1895.644
2006/12/25,1939.104
2006/12/26,1938.238
2006/12/27,1982.877
2006/12/28,1979.933
2006/12/29,2041.047
2007/1/4,2067.092
2007/1/5,2072.883
2007/1/8,2131.556
2007/1/9,2200.086
2007/1/10,2255.966
2007/1/11,2231.629
2007/1/12,2173.747
2007/1/15,2287.342
2007/1/16,2353.874
2007/1/17,2308.931
2007/1/18,2317.095
2007/1/19,2396.093
2007/1/22,2491.313
2007/1/23,2508.13
2007/1/24,2536.428
2007/1/25,2452.831
2007/1/26,2512.922
2007/1/29,2576.917
2007/1/30,2551.884
2007/1/31,2385.335
2007/2/1,2395.172
2007/2/2,2298.003
2007/2/5,2271.797
2007/2/6,2316.04
2007/2/7,2369.787
2007/2/8,2410.601
2007/2/9,2397.245
2007/2/12,2485.392
2007/2/13,2522.63
2007/2/14,2588.349
2007/2/15,2668.633
2007/2/16,2676.735
2007/2/26,2707.676
2007/2/27,2457.492
2007/2/28,2544.571
2007/3/1,2473.544
2007/3/2,2508.729
2007/3/5,2475.606
2007/3/6,2520.293
2007/3/7,2589.436
2007/3/8,2627.63
2007/3/9,2611.393
2007/3/12,2616.172
2007/3/13,2640.169
2007/3/14,2597.357
2007/3/15,2645.546
2007/3/16,2604.226
2007/3/19,2659.413
2007/3/20,2672.771
2007/3/21,2702.597
2007/3/22,2711.322
2007/3/23,2716.266
2007/3/26,2764.034
2007/3/27,2784.023
2007/3/28,2797.649
2007/3/29,2783.305
2007/3/30,2781.784
2007/4/2,2850.107
2007/4/3,2888.115
2007/4/4,2911.821
2007/4/5,2945.045
2007/4/6,2972.008
2007/4/9,3038.172
2007/4/10,3081.568
2007/4/11,3121.319
2007/4/12,3176.437
2007/4/13,3169.233
2007/4/16,3255.998
2007/4/17,3283.604
2007/4/18,3304.501
2007/4/19,3150.303
2007/4/20,3289.282
2007/4/23,3431.318
2007/4/24,3445.196
2007/4/25,3448.281
2007/4/26,3493.581
2007/4/27,3470.523
2007/4/30,3558.709
2007/5/8,3686.03
2007/5/9,3701.277
2007/5/10,3724.51
2007/5/11,3702.612
2007/5/14,3734.42
2007/5/15,3604.636
2007/5/16,3700.287
2007/5/17,3778.605
2007/5/18,3776.629
2007/5/21,3831.443
2007/5/22,3870.489
2007/5/23,3938.945
2007/5/24,3919.748
2007/5/25,3985.252
2007/5/28,4072.578
2007/5/29,4168.289
2007/5/30,3886.459
2007/5/31,3927.952
2007/6/1,3803.954
2007/6/4,3511.431
2007/6/5,3634.633
2007/6/6,3677.58
2007/6/7,3802.304
2007/6/8,3837.867
2007/6/11,3931.862
2007/6/12,4036.109
2007/6/13,4118.268
2007/6/14,4075.821
2007/6/15,4099.381
2007/6/18,4227.569
2007/6/19,4253
2007/6/20,4157.599
2007/6/21,4197.28
2007/6/22,4051.426
2007/6/25,3877.59
2007/6/26,3928.213
2007/6/27,4040.484
2007/6/28,3858.522
2007/6/29,3764.078
2007/7/2,3757.655
2007/7/3,3832.227
2007/7/4,3743.582
2007/7/5,3537.435
2007/7/6,3710.283
2007/7/9,3821.302
2007/7/10,3775.621
2007/7/11,3789.874
2007/7/12,3816.921
2007/7/13,3820.124
2007/7/16,3697.966
2007/7/17,3789.651
2007/7/18,3807.574
2007/7/19,3806.997
2007/7/20,3971.884
2007/7/23,4156.723
2007/7/24,4161.352
2007/7/25,4255.463
2007/7/26,4303.185
2007/7/27,4307.143
2007/7/30,4410.297
2007/7/31,4460.564
2007/8/1,4290.477
2007/8/2,4436.192
2007/8/3,4598.379
2007/8/6,4703.984
2007/8/7,4724.547
2007/8/8,4668.087
2007/8/9,4777.286
2007/8/10,4726.683
2007/8/13,4721.192
2007/8/14,4795.568
2007/8/15,4798.75
2007/8/16,4721.942
2007/8/17,4626.583
2007/8/20,4885.427
2007/8/21,4972.711
2007/8/22,5051.688
2007/8/23,5135.93
2007/8/24,5217.581
2007/8/27,5243.147
2007/8/28,5251.77
2007/8/29,5171.822
2007/8/30,5241.228
2007/8/31,5296.813
2007/9/3,5419.169
2007/9/4,5360.333
2007/9/5,5363.251
2007/9/6,5412.037
2007/9/7,5294.795
2007/9/10,5377.222
2007/9/11,5124.092
2007/9/12,5202.856
2007/9/13,5349.97
2007/9/14,5397.278
2007/9/17,5498.908
2007/9/18,5476.839
2007/9/19,5419.268
2007/9/20,5494.915
2007/9/21,5468.098
2007/9/24,5513.895
2007/9/25,5454.615
2007/9/26,5361.021
2007/9/27,5427.657
2007/9/28,5580.813
2007/10/8,5653.136
2007/10/9,5675.927
2007/10/10,5685.759
2007/10/11,5760.078
2007/10/12,5737.221
2007/10/15,5821.447
2007/10/16,5877.202
2007/10/17,5824.117
2007/10/18,5615.747
2007/10/19,5614.06
2007/10/22,5472.677
2007/10/23,5540.09
2007/10/24,5588.014
2007/10/25,5333.792
2007/10/26,5394.807
2007/10/29,5508.357
2007/10/30,5596.068
2007/10/31,5688.543
2007/11/1,5605.232
2007/11/2,5472.93
2007/11/5,5360.305
2007/11/6,5317.549
2007/11/7,5350.629
2007/11/8,5093.669
2007/11/9,5040.525
2007/11/12,4978.252
2007/11/13,4939.244
2007/11/14,5145.888
2007/11/15,5081.113
2007/11/16,5007.662
2007/11/19,4994.416
2007/11/20,5069.382
2007/11/21,4997.62
2007/11/22,4772.617
2007/11/23,4856.161
2007/11/26,4800.082
2007/11/27,4711.152
2007/11/28,4648.751
2007/11/29,4842.07
2007/11/30,4737.408
2007/12/3,4772.674
2007/12/4,4829.214
2007/12/5,4965.947
2007/12/6,4971.055
2007/12/7,5041.35
2007/12/10,5133.562
2007/12/11,5140
2007/12/12,5077.39
2007/12/13,4884.298
2007/12/14,4977.652
2007/12/17,4857.289
2007/12/18,4829.909
2007/12/19,4946.285
2007/12/20,5037.195
2007/12/21,5101.852
2007/12/24,5207.134
2007/12/25,5216.813
2007/12/26,5265.026
2007/12/27,5367.53
2007/12/28,5338.275
2008/1/2,5385.103
2008/1/3,5422.034
2008/1/4,5483.65
2008/1/7,5556.593
2008/1/8,5528.054
2008/1/9,5613.758
2008/1/10,5672.154
2008/1/11,5699.147
2008/1/14,5731.757
2008/1/15,5696.45
2008/1/16,5505.717
2008/1/17,5365.624
2008/1/18,5414.468
2008/1/21,5145.734
2008/1/22,4753.868
2008/1/23,4975.111
2008/1/24,5027.213
2008/1/25,5077.429
2008/1/28,4731.883
2008/1/29,4762.083
2008/1/30,4710.652
2008/1/31,4620.401
2008/2/1,4571.945
2008/2/4,4950.124
2008/2/5,4921.829
2008/2/13,4816.084
2008/2/14,4880.252
2008/2/15,4813.311
2008/2/18,4910.992
2008/2/19,5020.753
2008/2/20,4908.717
2008/2/21,4876.03
2008/2/22,4702.241
2008/2/25,4519.783
2008/2/26,4515.533
2008/2/27,4639.768
2008/2/28,4622.056
2008/2/29,4674.55
2008/3/3,4790.744
2008/3/4,4671.148
2008/3/5,4628.724
2008/3/6,4685.03
2008/3/7,4621.685
2008/3/10,4431.589
2008/3/11,4441.184
2008/3/12,4309.648
2008/3/13,4198.96
2008/3/14,4157.871
2008/3/17,3965.279
2008/3/18,3763.948
2008/3/19,3888.861
2008/3/20,4001.832
2008/3/21,4037.83
2008/3/24,3857.091
2008/3/25,3905.774
2008/3/26,3914.37
2008/3/27,3748.92
2008/3/28,3918.156
2008/3/31,3790.53
2008/4/1,3582.855
2008/4/2,3547.977
2008/4/3,3650.698
2008/4/7,3845.822
2008/4/8,3891.059
2008/4/9,3688.125
2008/4/10,3754.715
2008/4/11,3783.728
2008/4/14,3536.327
2008/4/15,3583.299
2008/4/16,3494.016
2008/4/17,3386.63
2008/4/18,3272.499
2008/4/21,3267.554
2008/4/22,3296.277
2008/4/23,3453.727
2008/4/24,3774.504
2008/4/25,3803.07
2008/4/28,3729.154
2008/4/29,3776.943
2008/4/30,3959.119
2008/5/5,4055.779
2008/5/6,4010.888
2008/5/7,3821.319
2008/5/8,3925.041
2008/5/9,3878.924
2008/5/12,3904.92
2008/5/13,3851.687
2008/5/14,3975.782
2008/5/15,3948.088
2008/5/16,3936.121
2008/5/19,3914.072
2008/5/20,3710.818
2008/5/21,3783.049
2008/5/22,3711.444
2008/5/23,3675.147
2008/5/26,3559.217
2008/5/27,3576.197
2008/5/28,3676.23
2008/5/29,3580.868
2008/5/30,3611.33
2008/6/2,3625.826
2008/6/3,3614.111
2008/6/4,3546.916
2008/6/5,3512.138
2008/6/6,3489.502
2008/6/10,3206.562
2008/6/11,3140.299
2008/6/12,3084.633
2008/6/13,2979.117
2008/6/16,2952.242
2008/6/17,2842.676
2008/6/18,2991.273
2008/6/19,2773.076
2008/6/20,2849.668
2008/6/23,2789.941
2008/6/24,2851.915
2008/6/25,2969.537
2008/6/26,2980.907
2008/6/27,2816.021
2008/6/30,2791.819
2008/7/1,2698.347
2008/7/2,2699.597
2008/7/3,2760.612
2008/7/4,2741.852
2008/7/7,2882.763
2008/7/8,2901.841
2008/7/9,3015.126
2008/7/10,2973.728
2008/7/11,2953.498
2008/7/14,2975.874
2008/7/15,2852.979
2008/7/16,2745.596
2008/7/17,2718.068
2008/7/18,2815.462
2008/7/21,2911.051
2008/7/22,2904.743
2008/7/23,2883.32
2008/7/24,2977.362
2008/7/25,2939.202
2008/7/28,2960.851
2008/7/29,2905.63
2008/7/30,2884.384
2008/7/31,2805.21
2008/8/1,2840.788
2008/8/4,2773.15
2008/8/5,2703.079
2008/8/6,2721.693
2008/8/7,2720.442
2008/8/8,2591.462
2008/8/11,2456.811
2008/8/12,2444.155
2008/8/13,2444.672
2008/8/14,2443.512
2008/8/15,2447.615
2008/8/18,2313.402
2008/8/19,2348.472
2008/8/20,2532.94
2008/8/21,2443.979
2008/8/22,2404.928
2008/8/25,2400.548
2008/8/26,2331.532
2008/8/27,2325.292
2008/8/28,2335.865
2008/8/29,2391.64
2008/9/1,2309.171
2008/9/2,2285.411
2008/9/3,2245.964
2008/9/4,2251.146
2008/9/5,2183.432
2008/9/8,2126.518
2008/9/9,2139.145
2008/9/10,2143.176
2008/9/11,2072.126
2008/9/12,2077.846
2008/9/16,2000.651
2008/9/17,1929.135
2008/9/18,1895.99
2008/9/19,2073.113
2008/9/22,2207.614
2008/9/23,2123.478
2008/9/24,2138.853
2008/9/25,2223.532
2008/9/26,2243.657
2008/10/6,2128.696
2008/10/7,2102.448
2008/10/8,2022.881
2008/10/9,1995.297
2008/10/10,1906.96
2008/10/13,1985.486
2008/10/14,1934.619
2008/10/15,1914.356
2008/10/16,1820.903
2008/10/17,1833.262
2008/10/20,1896.733
2008/10/21,1881.406
2008/10/22,1833.323
2008/10/23,1834.78
2008/10/24,1781.598
2008/10/27,1654.671
2008/10/28,1705.82
2008/10/29,1658.223
2008/10/30,1697.656
2008/10/31,1663.66
2008/11/3,1653.542
2008/11/4,1627.759
2008/11/5,1691.42
2008/11/6,1649.776
2008/11/7,1677.827
2008/11/10,1801.665
2008/11/11,1781.361
2008/11/12,1801.823
2008/11/13,1874.082
2008/11/14,1943.654
2008/11/17,1987.225
2008/11/18,1839.819
2008/11/19,1953.163
2008/11/20,1932.428
2008/11/21,1920.735
2008/11/24,1837.642
2008/11/25,1834.294
2008/11/26,1843.495
2008/11/27,1870.473
2008/11/28,1829.924
2008/12/1,1864.205
2008/12/2,1868.631
2008/12/3,1952.668
2008/12/4,1982.928
2008/12/5,2013.175
2008/12/8,2095.036
2008/12/9,2040.847
2008/12/10,2096.393
2008/12/11,2046.337
2008/12/12,1960.38
2008/12/15,1975.034
2008/12/16,1994.45
2008/12/17,2001.42
2008/12/18,2045.102
2008/12/19,2052.114
2008/12/22,2017.549
2008/12/23,1918.955
2008/12/24,1887.075
2008/12/25,1870.765
2008/12/26,1862.096
2008/12/29,1854.757
2008/12/30,1833.435
2008/12/31,1817.722
2009/1/5,1882.959
2009/1/6,1942.795
2009/1/7,1931.178
2009/1/8,1887.991
2009/1/9,1918.365
2009/1/12,1920.687
2009/1/13,1876.185
2009/1/14,1955.244
2009/1/15,1954.874
2009/1/16,1990.214
2009/1/19,2012.465
2009/1/20,2025.19
2009/1/21,2021.71
2009/1/22,2044.551
2009/1/23,2032.682
2009/2/2,2057.063
2009/2/3,2108.91
2009/2/4,2166.414
2009/2/5,2150.971
2009/2/6,2237.28
2009/2/9,2296.672
2009/2/10,2326.755
2009/2/11,2331.138
2009/2/12,2318.343
2009/2/13,2399.065
2009/2/16,2462.245
2009/2/17,2385.293
2009/2/18,2275.843
2009/2/19,2298.412
2009/2/20,2344.32
2009/2/23,2410.481
2009/2/24,2301.849
2009/2/25,2304.251
2009/2/26,2190.185
2009/2/27,2140.489
2009/3/2,2164.666
2009/3/3,2142.154
2009/3/4,2285.149
2009/3/5,2304.919
2009/3/6,2286.576
2009/3/9,2202.527
2009/3/10,2240.782
2009/3/11,2220.38
2009/3/12,2215.7
2009/3/13,2205.422
2009/3/16,2241.614
2009/3/17,2322.403
2009/3/18,2332.652
2009/3/19,2382.564
2009/3/20,2379.838
2009/3/23,2439.395
2009/3/24,2451.783
2009/3/25,2401.327
2009/3/26,2479.789
2009/3/27,2498.931
2009/3/30,2484.487
2009/3/31,2507.789
2009/4/1,2548.222
2009/4/2,2576.4
2009/4/3,2570.503
2009/4/7,2576.95
2009/4/8,2479.348
2009/4/9,2517.669
2009/4/10,2595.53
2009/4/13,2656.518
2009/4/14,2676.872
2009/4/15,2686.99
2009/4/16,2687.106
2009/4/17,2650.691
2009/4/20,2707.667
2009/4/21,2675.442
2009/4/22,2576.281
2009/4/23,2593.564
2009/4/24,2572.888
2009/4/27,2513.292
2009/4/28,2518.531
2009/4/29,2605.37
2009/4/30,2622.926
2009/5/4,2714.301
2009/5/5,2727.014
2009/5/6,2764.979
2009/5/7,2767.076
2009/5/8,2789.219
2009/5/11,2725.316
2009/5/12,2788.562
2009/5/13,2814.005
2009/5/14,2792.597
2009/5/15,2796.116
2009/5/18,2810.573
2009/5/19,2840.084
2009/5/20,2812.865
2009/5/21,2750.01
2009/5/22,2740.677
2009/5/25,2752.716
2009/5/26,2719.764
2009/5/27,2759.712
2009/6/1,2858.342
2009/6/2,2865.099
2009/6/3,2939.387
2009/6/4,2953.751
2009/6/5,2939.306
2009/6/8,2948.478
2009/6/9,2960.556
2009/6/10,2989.595
2009/6/11,2961.629
2009/6/12,2906.286
2009/6/15,2966.192
2009/6/16,2961.22
2009/6/17,3010.588
2009/6/18,3057.428
2009/6/19,3080.001
2009/6/22,3082.563
2009/6/23,3083.895
2009/6/24,3120.73
2009/6/25,3117.921
2009/6/26,3128.421
2009/6/29,3179.972
2009/6/30,3166.474
2009/7/1,3237.903
2009/7/2,3282.359
2009/7/3,3327.135
2009/7/6,3374.753
2009/7/7,3340.493
2009/7/8,3352.269
2009/7/9,3396.304
2009/7/10,3398.31
2009/7/13,3361.011
2009/7/14,3454.753
2009/7/15,3493.305
2009/7/16,3501.24
2009/7/17,3519.809
2009/7/20,3591.123
2009/7/21,3539.832
2009/7/22,3606.924
2009/7/23,3651.969
2009/7/24,3667.556
2009/7/27,3743.626
2009/7/28,3755.818
2009/7/29,3558.508
2009/7/30,3634.818
2009/7/31,3734.622
2009/8/3,3787.033
2009/8/4,3786.615
2009/8/5,3740.936
2009/8/6,3663.12
2009/8/7,3555.095
2009/8/10,3544.539
2009/8/11,3556.375
2009/8/12,3397.4
2009/8/13,3440.82
2009/8/14,3344.462
2009/8/17,3140.271
2009/8/18,3171.986
2009/8/19,3014.568
2009/8/20,3144.39
2009/8/21,3203.624
2009/8/24,3229.6
2009/8/25,3109.83
2009/8/26,3172.386
2009/8/27,3156.301
2009/8/28,3046.781
2009/8/31,2830.271
2009/9/1,2843.7
2009/9/2,2890.926
2009/9/3,3051.964
2009/9/4,3077.142
2009/9/7,3104.208
2009/9/8,3170.967
2009/9/9,3194.909
2009/9/10,3162.914
2009/9/11,3238.133
2009/9/14,3293.394
2009/9/15,3302.642
2009/9/16,3258.236
2009/9/17,3320.096
2009/9/18,3199.689
2009/9/21,3208.604
2009/9/22,3131.026
2009/9/23,3060.069
2009/9/24,3080.926
2009/9/25,3058.528
2009/9/28,2972.643
2009/9/29,2972.286
2009/9/30,3004.805
2009/10/9,3163.708
2009/10/12,3151.632
2009/10/13,3198.517
2009/10/14,3227.399
2009/10/15,3239.643
2009/10/16,3241.709
2009/10/19,3329.158
2009/10/20,3377.574
2009/10/21,3369.285
2009/10/22,3347.32
2009/10/23,3413.252
2009/10/26,3414.239
2009/10/27,3314.722
2009/10/28,3329.327
2009/10/29,3247.051
2009/10/30,3280.372
2009/11/2,3392.803
2009/11/3,3435.425
2009/11/4,3453.888
2009/11/5,3464.318
2009/11/6,3483.021
2009/11/9,3495.788
2009/11/10,3503.776
2009/11/11,3495.674
2009/11/12,3499.992
2009/11/13,3518.722
2009/11/16,3625.798
2009/11/17,3628.354
2009/11/18,3630.229
2009/11/19,3642.437
2009/11/20,3631.013
2009/11/23,3665.509
2009/11/24,3548.08
2009/11/25,3629.629
2009/11/26,3485.773
2009/11/27,3382.51
2009/11/30,3511.669
2009/12/1,3560.831
2009/12/2,3597.329
2009/12/3,3590.876
2009/12/4,3643.491
2009/12/7,3668.832
2009/12/8,3624.019
2009/12/9,3554.478
2009/12/10,3577.237
2009/12/11,3575.02
2009/12/14,3612.753
2009/12/15,3583.341
2009/12/16,3560.723
2009/12/17,3480.153
2009/12/18,3391.735
2009/12/21,3396.622
2009/12/22,3305.543
2009/12/23,3336.48
2009/12/24,3438.817
2009/12/25,3424.783
2009/12/28,3478.433
2009/12/29,3500.737
2009/12/30,3558.857
2009/12/31,3575.684
2010/1/4,3535.229
2010/1/5,3564.038
2010/1/6,3541.727
2010/1/7,3471.456
2010/1/8,3480.13
2010/1/11,3482.052
2010/1/12,3534.916
2010/1/13,3421.144
2010/1/14,3469.051
2010/1/15,3482.738
2010/1/18,3500.684
2010/1/19,3507.482
2010/1/20,3394.434
2010/1/21,3408.574
2010/1/22,3366.197
2010/1/25,3328.014
2010/1/26,3242.797
2010/1/27,3198.566
2010/1/28,3206.57
2010/1/29,3204.155
2010/2/1,3152.707
2010/2/2,3146.189
2010/2/3,3230.715
2010/2/4,3218.802
2010/2/5,3153.087
2010/2/8,3150.988
2010/2/9,3169.19
2010/2/10,3214.13
2010/2/11,3220.398
2010/2/12,3251.278
2010/2/22,3233.345
2010/2/23,3198.634
2010/2/24,3244.483
2010/2/25,3292.128
2010/2/26,3281.666
2010/3/1,3324.423
2010/3/2,3311.236
2010/3/3,3335.081
2010/3/4,3250.573
2010/3/5,3259.764
2010/3/8,3286.178
2010/3/9,3305.863
2010/3/10,3279.694
2010/3/11,3276.705
2010/3/12,3233.126
2010/3/15,3183.183
2010/3/16,3203.971
2010/3/17,3273.916
2010/3/18,3267.555
2010/3/19,3293.871
2010/3/22,3302.628
2010/3/23,3275.573
2010/3/24,3276.669
2010/3/25,3229.128
2010/3/26,3275.002
2010/3/29,3358.54
2010/3/30,3366.708
2010/3/31,3345.607
2010/4/1,3391.935
2010/4/2,3407.346
2010/4/6,3405.145
2010/4/7,3386.949
2010/4/8,3346.744
2010/4/9,3379.17
2010/4/12,3351.478
2010/4/13,3391.716
2010/4/14,3403.707
2010/4/15,3394.574
2010/4/16,3356.332
2010/4/19,3176.423
2010/4/20,3173.374
2010/4/21,3236.679
2010/4/22,3201.541
2010/4/23,3190.003
2010/4/26,3171.997
2010/4/27,3108.409
2010/4/28,3097.353
2010/4/29,3060.064
2010/4/30,3067.365
2010/5/4,3019.449
2010/5/5,3036.394
2010/5/6,2896.856
2010/5/7,2836.789
2010/5/10,2858.233
2010/5/11,2800.817
2010/5/12,2818.16
2010/5/13,2886.911
2010/5/14,2868.023
2010/5/17,2714.715
2010/5/18,2771.348
2010/5/19,2762.174
2010/5/20,2726.022
2010/5/21,2768.791
2010/5/24,2873.469
2010/5/25,2813.943
2010/5/26,2813.944
2010/5/27,2859.979
2010/5/28,2850.302
2010/5/31,2773.264
2010/6/1,2744.162
2010/6/2,2757.527
2010/6/3,2736.076
2010/6/4,2744.391
2010/6/7,2695.715
2010/6/8,2699.336
2010/6/9,2782.133
2010/6/10,2750.023
2010/6/11,2758.866
2010/6/17,2742.733
2010/6/18,2696.166
2010/6/21,2780.663
2010/6/22,2783.72
2010/6/23,2758.495
2010/6/24,2757.498
2010/6/25,2736.287
2010/6/28,2716.777
2010/6/29,2592.019
2010/6/30,2563.07
2010/7/1,2526.071
2010/7/2,2534.105
2010/7/5,2512.651
2010/7/6,2562.902
2010/7/7,2580.477
2010/7/8,2575.921
2010/7/9,2647.104
2010/7/12,2676.218
2010/7/13,2634.593
2010/7/14,2653.609
2010/7/15,2608.519
2010/7/16,2616.128
2010/7/19,2682.472
2010/7/20,2741.503
2010/7/21,2747.335
2010/7/22,2781.286
2010/7/23,2793.076
2010/7/26,2811.055
2010/7/27,2795.724
2010/7/28,2863.724
2010/7/29,2877.976
2010/7/30,2868.846
2010/8/2,2917.275
2010/8/3,2865.971
2010/8/4,2876.434
2010/8/5,2850.829
2010/8/6,2897.659
2010/8/9,2918.241
2010/8/10,2832.638
2010/8/11,2850.211
2010/8/12,2816.386
2010/8/13,2855.547
2010/8/16,2922.083
2010/8/17,2942.291
2010/8/18,2937.362
2010/8/19,2955.395
2010/8/20,2898.333
2010/8/23,2896.192
2010/8/24,2911.827
2010/8/25,2843.023
2010/8/26,2850.093
2010/8/27,2858.566
2010/8/30,2915.01
2010/8/31,2903.188
2010/9/1,2884.042
2010/9/2,2921.393
2010/9/3,2920.205
2010/9/6,2975.09
2010/9/7,2983.108
2010/9/8,2980.967
2010/9/9,2926.46
2010/9/10,2932.554
2010/9/13,2962.319
2010/9/14,2965.009
2010/9/15,2913.194
2010/9/16,2857.789
2010/9/17,2861.369
2010/9/20,2849.828
2010/9/21,2857.476
2010/9/27,2905.029
2010/9/28,2880.907
2010/9/29,2874.812
2010/9/30,2935.574
2010/10/8,3044.233
2010/10/11,3132.895
2010/10/12,3172.726
2010/10/13,3217.577
2010/10/14,3224.14
2010/10/15,3327.683
2010/10/18,3306.16
2010/10/19,3375.674
2010/10/20,3396.879
2010/10/21,3374.685
2010/10/22,3378.655
2010/10/25,3481.081
2010/10/26,3466.084
2010/10/27,3403.872
2010/10/28,3397.692
2010/10/29,3379.983
2010/11/1,3472.995
2010/11/2,3463.131
2010/11/3,3420.341
2010/11/4,3480.505
2010/11/5,3520.798
2010/11/8,3548.566
2010/11/9,3523.954
2010/11/10,3499.111
2010/11/11,3509.975
2010/11/12,3291.833
2010/11/15,3314.893
2010/11/16,3169.538
2010/11/17,3103.906
2010/11/18,3147.962
2010/11/19,3178.846
2010/11/22,3171.941
2010/11/23,3107.176
2010/11/24,3177.043
2010/11/25,3223.484
2010/11/26,3194.853
2010/11/29,3190.05
2010/11/30,3136.985
2010/12/1,3136.024
2010/12/2,3155.059
2010/12/3,3158.156
2010/12/6,3165.57
2010/12/7,3200.339
2010/12/8,3171.882
2010/12/9,3123.366
2010/12/10,3161.977
2010/12/13,3261.061
2010/12/14,3269.474
2010/12/15,3247.644
2010/12/16,3230.665
2010/12/17,3225.661
2010/12/20,3178.657
2010/12/21,3249.509
2010/12/22,3215.453
2010/12/23,3188.607
2010/12/24,3162.955
2010/12/27,3099.709
2010/12/28,3044.931
2010/12/29,3061.83
2010/12/30,3064.098
2010/12/31,3128.261
2011/1/4,3189.682
2011/1/5,3175.662
2011/1/6,3159.643
2011/1/7,3166.624
2011/1/10,3108.187
2011/1/11,3124.922
2011/1/12,3142.337
2011/1/13,3141.284
2011/1/14,3091.862
2011/1/17,2974.35
2011/1/18,2977.648
2011/1/19,3044.851
2011/1/20,2944.713
2011/1/21,2983.456
2011/1/24,2954.232
2011/1/25,2938.654
2011/1/26,2978.431
2011/1/27,3026.466
2011/1/28,3036.735
2011/1/31,3076.508
2011/2/1,3077.283
2011/2/9,3040.949
2011/2/10,3104.163
2011/2/11,3120.956
2011/2/14,3219.143
2011/2/15,3217.671
2011/2/16,3248.527
2011/2/17,3245.907
2011/2/18,3211.876
2011/2/21,3257.908
2011/2/22,3163.578
2011/2/23,3174.742
2011/2/24,3190.935
2011/2/25,3197.617
2011/2/28,3239.559
2011/3/1,3254.893
2011/3/2,3243.298
2011/3/3,3221.718
2011/3/4,3270.666
2011/3/7,3334.51
2011/3/8,3337.457
2011/3/9,3338.858
2011/3/10,3280.259
2011/3/11,3247.376
2011/3/14,3262.92
2011/3/15,3203.961
2011/3/16,3248.195
2011/3/17,3197.1
2011/3/18,3215.685
2011/3/21,3207.11
2011/3/22,3222.961
2011/3/23,3264.926
2011/3/24,3251.361
2011/3/25,3294.484
2011/3/28,3290.571
2011/3/29,3257.979
2011/3/30,3256.08
2011/3/31,3223.288
2011/4/1,3272.729
2011/4/6,3311.067
2011/4/7,3324.419
2011/4/8,3353.358
2011/4/11,3333.427
2011/4/12,3326.771
2011/4/13,3372.031
2011/4/14,3353.56
2011/4/15,3358.944
2011/4/18,3359.438
2011/4/19,3295.812
2011/4/20,3295.758
2011/4/21,3317.367
2011/4/22,3299.942
2011/4/25,3249.574
2011/4/26,3230.96
2011/4/27,3209.503
2011/4/28,3161.776
2011/4/29,3192.723
2011/5/3,3211.132
2011/5/4,3129.028
2011/5/5,3126.117
2011/5/6,3121.396
2011/5/9,3129.759
2011/5/10,3153.221
2011/5/11,3145.085
2011/5/12,3101.603
2011/5/13,3128.093
2011/5/16,3100.463
2011/5/17,3116.028
2011/5/18,3139.379
2011/5/19,3120.639
2011/5/20,3121.596
2011/5/23,3022.98
2011/5/24,3026.223
2011/5/25,2990.343
2011/5/26,2978.381
2011/5/27,2963.308
2011/5/30,2954.506
2011/5/31,3001.556
2011/6/1,3004.173
2011/6/2,2955.705
2011/6/3,2986.349
2011/6/7,3004.262
2011/6/8,3008.652
2011/6/9,2951.889
2011/6/10,2961.932
2011/6/13,2950.348
2011/6/14,2993.559
2011/6/15,2963.119
2011/6/16,2917.578
2011/6/17,2892.157
2011/6/20,2874.896
2011/6/21,2909.073
2011/6/22,2908.582
2011/6/23,2957.629
2011/6/24,3027.47
2011/6/27,3036.491
2011/6/28,3041.734
2011/6/29,3000.169
2011/6/30,3044.089
2011/7/1,3049.745
2011/7/4,3121.98
2011/7/5,3122.5
2011/7/6,3113.712
2011/7/7,3101.68
2011/7/8,3109.183
2011/7/11,3113.206
2011/7/12,3056.905
2011/7/13,3106.247
2011/7/14,3115.745
2011/7/15,3128.889
2011/7/18,3122.6
2011/7/19,3095.125
2011/7/20,3091.567
2011/7/21,3059.139
2011/7/22,3067.985
2011/7/25,2968.289
2011/7/26,2977.766
2011/7/27,3000.052
2011/7/28,2981.002
2011/7/29,2972.079
2011/8/1,2977.721
2011/8/2,2956.383
2011/8/3,2954.87
2011/8/4,2960.309
2011/8/5,2897.417
2011/8/8,2793.897
2011/8/9,2798.19
2011/8/10,2824.12
2011/8/11,2866.924
2011/8/12,2875.365
2011/8/15,2917.883
2011/8/16,2897.581
2011/8/17,2886.013
2011/8/18,2834.254
2011/8/19,2807.664
2011/8/22,2777.787
2011/8/23,2821.003
2011/8/24,2810.016
2011/8/25,2903.837
2011/8/26,2901.216
2011/8/29,2852.809
2011/8/30,2841.74
2011/8/31,2846.776
2011/9/1,2834.535
2011/9/2,2803.854
2011/9/5,2743.817
2011/9/6,2723.303
2011/9/7,2779.09
2011/9/8,2756.105
2011/9/9,2751.095
2011/9/13,2720.283
2011/9/14,2733.108
2011/9/15,2729.051
2011/9/16,2733.987
2011/9/19,2679.27
2011/9/20,2689.845
2011/9/21,2771.011
2011/9/22,2685.688
2011/9/23,2669.478
2011/9/26,2610.919
2011/9/27,2637.879
2011/9/28,2610.59
2011/9/29,2588.185
2011/9/30,2581.351
2011/10/10,2557.082
2011/10/11,2551.994
2011/10/12,2644.758
2011/10/13,2662.601
2011/10/14,2653.782
2011/10/17,2666.951
2011/10/18,2592.209
2011/10/19,2583.081
2011/10/20,2520.532
2011/10/21,2507.877
2011/10/24,2576.669
2011/10/25,2625.425
2011/10/26,2651.652
2011/10/27,2657.478
2011/10/28,2709.017
2011/10/31,2695.307
2011/11/1,2697.534
2011/11/2,2742.39
2011/11/3,2744.301
2011/11/4,2763.746
2011/11/7,2736.248
2011/11/8,2727.71
2011/11/9,2751.654
2011/11/10,2699.588
2011/11/11,2695.002
2011/11/14,2750.195
2011/11/15,2744.68
2011/11/16,2670.116
2011/11/17,2662.017
2011/11/18,2606.495
2011/11/21,2609.687
2011/11/22,2609.475
2011/11/23,2584.011
2011/11/24,2588.915
2011/11/25,2569.973
2011/11/28,2573.321
2011/11/29,2608.569
2011/11/30,2521.52
2011/12/1,2583.613
2011/12/2,2557.311
2011/12/5,2521.385
2011/12/6,2516.341
2011/12/7,2528.228
2011/12/8,2525.001
2011/12/9,2503.461
2011/12/12,2477.692
2011/12/13,2421.928
2011/12/14,2397.48
2011/12/15,2340.788
2011/12/16,2390.129
2011/12/19,2384.408
2011/12/20,2377.073
2011/12/21,2339.108
2011/12/22,2341.335
2011/12/23,2359.159
2011/12/26,2335.702
2011/12/27,2305.035
2011/12/28,2307.928
2011/12/29,2311.361
2011/12/30,2345.742
2012/1/4,2298.753
2012/1/5,2276.385
2012/1/6,2290.601
2012/1/9,2368.57
2012/1/10,2447.349
2012/1/11,2435.608
2012/1/12,2435.219
2012/1/13,2394.334
2012/1/16,2345.649
2012/1/17,2460.601
2012/1/18,2422.189
2012/1/19,2468.35
2012/1/20,2504.086
2012/1/30,2460.72
2012/1/31,2464.26
2012/2/1,2428.994
2012/2/2,2486.238
2012/2/3,2506.09
2012/2/6,2504.322
2012/2/7,2457.954
2012/2/8,2528.236
2012/2/9,2529.231
2012/2/10,2533.624
2012/2/13,2531.981
2012/2/14,2522.107
2012/2/15,2549.607
2012/2/16,2536.074
2012/2/17,2537.086
2012/2/20,2540.706
2012/2/21,2562.453
2012/2/22,2597.476
2012/2/23,2606.256
2012/2/24,2648.017
2012/2/27,2656.573
2012/2/28,2662.463
2012/2/29,2634.143
2012/3/1,2633.345
2012/3/2,2679.934
2012/3/5,2662.698
2012/3/6,2621.052
2012/3/7,2603.005
2012/3/8,2635.791
2012/3/9,2664.302
2012/3/12,2654.402
2012/3/13,2681.073
2012/3/14,2605.106
2012/3/15,2585.546
2012/3/16,2623.52
2012/3/19,2630.013
2012/3/20,2584.445
2012/3/21,2587.793
2012/3/22,2583.747
2012/3/23,2552.94
2012/3/26,2555.442
2012/3/27,2547.143
2012/3/28,2474.9
2012/3/29,2443.122
2012/3/30,2454.899
2012/4/5,2512.832
2012/4/6,2519.83
2012/4/9,2495.146
2012/4/10,2519.788
2012/4/11,2520.036
2012/4/12,2570.436
2012/4/13,2580.454
2012/4/16,2574.044
2012/4/17,2541.883
2012/4/18,2599.908
2012/4/19,2596.056
2012/4/20,2626.839
2012/4/23,2606.038
2012/4/24,2604.866
2012/4/25,2625.99
2012/4/26,2631.487
2012/4/27,2626.157
2012/5/2,2683.487
2012/5/3,2691.518
2012/5/4,2715.879
2012/5/7,2717.778
2012/5/8,2709.116
2012/5/9,2657.514
2012/5/10,2657.214
2012/5/11,2636.917
2012/5/14,2615.534
2012/5/15,2617.374
2012/5/16,2574.647
2012/5/17,2613.942
2012/5/18,2573.976
2012/5/21,2587.231
2012/5/22,2627.525
2012/5/23,2616.869
2012/5/24,2595.26
2012/5/25,2573.103
2012/5/28,2614.689
2012/5/29,2650.854
2012/5/30,2642.258
2012/5/31,2632.042
2012/6/1,2632.998
2012/6/4,2559.026
2012/6/5,2558.842
2012/6/6,2557.401
2012/6/7,2542.184
2012/6/8,2524.329
2012/6/11,2558.265
2012/6/12,2540.178
2012/6/13,2580.636
2012/6/14,2560.421
2012/6/15,2568.054
2012/6/18,2581.212
2012/6/19,2558.621
2012/6/20,2552.611
2012/6/21,2512.185
2012/6/25,2456.518
2012/6/26,2454.915
2012/6/27,2447.195
2012/6/28,2425.729
2012/6/29,2461.612
2012/7/2,2465.238
2012/7/3,2468.721
2012/7/4,2464.919
2012/7/5,2430.37
2012/7/6,2472.614
2012/7/9,2416.036
2012/7/10,2406.706
2012/7/11,2425.572
2012/7/12,2449.181
2012/7/13,2450.633
2012/7/16,2399.731
2012/7/17,2414.201
2012/7/18,2414.335
2012/7/19,2424.322
2012/7/20,2398.455
2012/7/23,2365.431
2012/7/24,2375.992
2012/7/25,2360.083
2012/7/26,2347.488
2012/7/27,2349.108
2012/7/30,2335.793
2012/7/31,2332.922
2012/8/1,2358.651
2012/8/2,2334.882
2012/8/3,2353.737
2012/8/6,2385.611
2012/8/7,2388.873
2012/8/8,2389.795
2012/8/9,2411.7
2012/8/10,2399.751
2012/8/13,2351.931
2012/8/14,2357.016
2012/8/15,2331.615
2012/8/16,2319.67
2012/8/17,2313.476
2012/8/20,2301.788
2012/8/21,2313.703
2012/8/22,2295.586
2012/8/23,2302.199
2012/8/24,2275.677
2012/8/27,2228.204
2012/8/28,2238.411
2012/8/29,2214.814
2012/8/30,2211.37
2012/8/31,2204.868
2012/9/3,2228.369
2012/9/4,2204.407
2012/9/5,2199.875
2012/9/6,2217.823
2012/9/7,2317.179
2012/9/10,2326.666
2012/9/11,2311.89
2012/9/12,2320.071
2012/9/13,2298.461
2012/9/14,2315.542
2012/9/17,2258.705
2012/9/18,2235.239
2012/9/19,2246.236
2012/9/20,2195.951
2012/9/21,2199.063
2012/9/24,2215.516
2012/9/25,2210.154
2012/9/26,2184.891
2012/9/27,2251.717
2012/9/28,2293.106
2012/10/8,2270.054
2012/10/9,2320.157
2012/10/10,2324.117
2012/10/11,2302.533
2012/10/12,2304.531
2012/10/15,2294.857
2012/10/16,2298.162
2012/10/17,2300.803
2012/10/18,2336.077
2012/10/19,2332.47
2012/10/22,2341.592
2012/10/23,2312.077
2012/10/24,2307.779
2012/10/25,2291.239
2012/10/26,2247.907
2012/10/29,2235.854
2012/10/30,2239.882
2012/10/31,2254.82
2012/11/1,2297.884
2012/11/2,2306.774
2012/11/5,2301.88
2012/11/6,2292.206
2012/11/7,2287.505
2012/11/8,2245.405
2012/11/9,2240.924
2012/11/12,2251.848
2012/11/13,2212.44
2012/11/14,2223.11
2012/11/15,2193.623
2012/11/16,2177.24
2012/11/19,2174.985
2012/11/20,2164.881
2012/11/21,2194.896
2012/11/22,2177.546
2012/11/23,2192.676
2012/11/26,2175.599
2012/11/27,2150.638
2012/11/28,2129.161
2012/11/29,2115.676
2012/11/30,2139.661
2012/12/3,2108.85
2012/12/4,2131.473
2012/12/5,2207.878
2012/12/6,2203.602
2012/12/7,2246.757
2012/12/10,2271.046
2012/12/11,2258.5
2012/12/12,2267.767
2012/12/13,2242.635
2012/12/14,2355.865
2012/12/17,2366.7
2012/12/18,2368.12
2012/12/19,2371.109
2012/12/20,2384.816
2012/12/21,2372.002
2012/12/24,2381.217
2012/12/25,2448.395
2012/12/26,2457.619
2012/12/27,2444.594
2012/12/28,2480.049
2012/12/31,2522.952
2013/1/4,2524.409
2013/1/7,2535.985
2013/1/8,2525.33
2013/1/9,2526.126
2013/1/10,2530.569
2013/1/11,2483.23
2013/1/14,2577.725
2013/1/15,2595.856
2013/1/16,2577.092
2013/1/17,2552.758
2013/1/18,2595.439
2013/1/21,2610.898
2013/1/22,2596.898
2013/1/23,2607.456
2013/1/24,2582.755
2013/1/25,2571.674
2013/1/28,2651.863
2013/1/29,2675.866
2013/1/30,2688.711
2013/1/31,2686.882
2013/2/1,2743.324
2013/2/4,2748.028
2013/2/5,2771.675
2013/2/6,2775.844
2013/2/7,2759.87
2013/2/8,2771.725
2013/2/18,2737.471
2013/2/19,2685.606
2013/2/20,2702.635
2013/2/21,2610.549
2013/2/22,2596.604
2013/2/25,2604.96
2013/2/26,2567.595
2013/2/27,2594.677
2013/2/28,2673.327
2013/3/1,2668.836
2013/3/4,2545.715
2013/3/5,2622.807
2013/3/6,2650.202
2013/3/7,2619.479
2013/3/8,2606.927
2013/3/11,2592.372
2013/3/12,2555.615
2013/3/13,2527.486
2013/3/14,2534.273
2013/3/15,2539.873
2013/3/18,2502.493
2013/3/19,2525.097
2013/3/20,2610.174
2013/3/21,2614.988
2013/3/22,2618.308
2013/3/25,2613.097
2013/3/26,2575.05
2013/3/27,2583.53
2013/3/28,2499.302
2013/3/29,2495.083
2013/4/1,2493.187
2013/4/2,2486.391
2013/4/3,2483.547
2013/4/8,2472.299
2013/4/9,2489.43
2013/4/10,2485.309
2013/4/11,2477.876
2013/4/12,2462.112
2013/4/15,2436.818
2013/4/16,2459.592
2013/4/17,2458.473
2013/4/18,2464.851
2013/4/19,2533.827
2013/4/22,2530.67
2013/4/23,2449.471
2013/4/24,2495.579
2013/4/25,2467.875
2013/4/26,2447.306
2013/5/2,2449.639
2013/5/3,2492.912
2013/5/6,2525.983
2013/5/7,2529.938
2013/5/8,2542.798
2013/5/9,2527.794
2013/5/10,2540.836
2013/5/13,2530.768
2013/5/14,2493.338
2013/5/15,2506.925
2013/5/16,2552.709
2013/5/17,2592.048
2013/5/20,2609.607
2013/5/21,2614.853
2013/5/22,2618.034
2013/5/23,2582.849
2013/5/24,2597.228
2013/5/27,2599.587
2013/5/28,2644.359
2013/5/29,2642.561
2013/5/30,2634.323
2013/5/31,2606.426
2013/6/3,2602.623
2013/6/4,2565.666
2013/6/5,2560.539
2013/6/6,2527.845
2013/6/7,2484.16
2013/6/13,2399.937
2013/6/14,2416.771
2013/6/17,2403.839
2013/6/18,2418.745
2013/6/19,2400.765
2013/6/20,2321.466
2013/6/21,2317.394
2013/6/24,2171.21
2013/6/25,2165.421
2013/6/26,2168.297
2013/6/27,2160.735
2013/6/28,2200.639
2013/7/1,2213.317
2013/7/2,2221.984
2013/7/3,2203.828
2013/7/4,2221.979
2013/7/5,2226.849
2013/7/8,2163.619
2013/7/9,2162.669
2013/7/10,2224.065
2013/7/11,2326.688
2013/7/12,2275.373
2013/7/15,2307.297
2013/7/16,2317.848
2013/7/17,2282.836
2013/7/18,2245.328
2013/7/19,2190.478
2013/7/22,2202.189
2013/7/23,2265.845
2013/7/24,2249.151
2013/7/25,2237.683
2013/7/26,2224.008
2013/7/29,2175.97
2013/7/30,2189.388
2013/7/31,2193.021
2013/8/1,2245.364
2013/8/2,2247.263
2013/8/5,2278.329
2013/8/6,2293.641
2013/8/7,2280.623
2013/8/8,2276.782
2013/8/9,2286.01
2013/8/12,2352.794
2013/8/13,2359.068
2013/8/14,2349.08
2013/8/15,2321.576
2013/8/16,2304.144
2013/8/19,2331.43
2013/8/20,2312.465
2013/8/21,2308.589
2013/8/22,2303.932
2013/8/23,2286.929
2013/8/26,2335.616
2013/8/27,2340.881
2013/8/28,2328.056
2013/8/29,2318.311
2013/8/30,2313.91
2013/9/2,2320.344
2013/9/3,2354.502
2013/9/4,2350.699
2013/9/5,2341.735
2013/9/6,2357.782
2013/9/9,2440.609
2013/9/10,2474.894
2013/9/11,2482.889
2013/9/12,2507.455
2013/9/13,2488.902
2013/9/16,2478.39
2013/9/17,2427.322
2013/9/18,2432.51
2013/9/23,2472.288
2013/9/24,2443.885
2013/9/25,2429.03
2013/9/26,2384.443
2013/9/27,2394.971
2013/9/30,2409.037
2013/10/8,2441.811
2013/10/9,2453.583
2013/10/10,2429.317
2013/10/11,2468.508
2013/10/14,2472.542
2013/10/15,2467.517
2013/10/16,2421.371
2013/10/17,2413.33
2013/10/18,2426.054
2013/10/21,2471.322
2013/10/22,2445.891
2013/10/23,2418.491
2013/10/24,2400.511
2013/10/25,2368.559
2013/10/28,2365.954
2013/10/29,2372.053
2013/10/30,2407.471
2013/10/31,2373.718
2013/11/1,2384.96
2013/11/4,2380.454
2013/11/5,2383.769
2013/11/6,2353.568
2013/11/7,2340.552
2013/11/8,2307.945
2013/11/11,2315.889
2013/11/12,2340
2013/11/13,2288.116
2013/11/14,2304.501
2013/11/15,2350.734
2013/11/18,2428.903
2013/11/19,2412.163
2013/11/20,2424.85
2013/11/21,2409.989
2013/11/22,2397.962
2013/11/25,2388.629
2013/11/26,2387.416
2013/11/27,2414.481
2013/11/28,2439.53
2013/11/29,2438.944
2013/12/2,2418.788
2013/12/3,2442.784
2013/12/4,2475.135
2013/12/5,2468.197
2013/12/6,2452.287
2013/12/9,2450.872
2013/12/10,2453.322
2013/12/11,2412.763
2013/12/12,2410.015
2013/12/13,2406.639
2013/12/16,2367.923
2013/12/17,2356.376
2013/12/18,2357.226
2013/12/19,2332.41
2013/12/20,2278.136
2013/12/23,2284.602
2013/12/24,2288.248
2013/12/25,2305.11
2013/12/26,2265.334
2013/12/27,2303.478
2013/12/30,2299.458
2013/12/31,2330.026
2014/1/2,2321.978
2014/1/3,2290.779
2014/1/6,2238.637
2014/1/7,2238.001
2014/1/8,2241.911
2014/1/9,2222.221
2014/1/10,2204.851
2014/1/13,2193.679
2014/1/14,2212.846
2014/1/15,2208.941
2014/1/16,2211.844
2014/1/17,2178.488
2014/1/20,2165.993
2014/1/21,2187.41
2014/1/22,2243.796
2014/1/23,2231.889
2014/1/24,2245.678
2014/1/27,2215.919
2014/1/28,2219.855
2014/1/29,2227.781
2014/1/30,2202.45
2014/2/7,2212.483
2014/2/10,2267.534
2014/2/11,2285.562
2014/2/12,2291.246
2014/2/13,2279.554
2014/2/14,2295.575
2014/2/17,2311.647
2014/2/18,2282.442
2014/2/19,2308.656
2014/2/20,2287.436
2014/2/21,2264.294
2014/2/24,2214.509
2014/2/25,2157.909
2014/2/26,2163.405
2014/2/27,2154.108
2014/2/28,2178.971
2014/3/3,2190.37
2014/3/4,2184.273
2014/3/5,2163.976
2014/3/6,2173.634
2014/3/7,2168.358
2014/3/10,2097.787
2014/3/11,2108.661
2014/3/12,2114.134
2014/3/13,2140.333
2014/3/14,2122.836
2014/3/17,2143.038
2014/3/18,2138.133
2014/3/19,2120.87
2014/3/20,2086.967
2014/3/21,2158.798
2014/3/24,2176.554
2014/3/25,2174.44
2014/3/26,2171.047
2014/3/27,2155.707
2014/3/28,2151.965
2014/3/31,2146.305
2014/4/1,2163.115
2014/4/2,2180.727
2014/4/3,2165.008
2014/4/4,2185.472
2014/4/8,2237.316
2014/4/9,2238.62
2014/4/10,2273.761
2014/4/11,2270.666
2014/4/14,2268.613
2014/4/15,2229.463
2014/4/16,2232.526
2014/4/17,2224.803
2014/4/18,2224.479
2014/4/21,2187.248
2014/4/22,2196.795
2014/4/23,2194.668
2014/4/24,2190.474
2014/4/25,2167.826
2014/4/28,2134.969
2014/4/29,2158.47
2014/4/30,2158.659
2014/5/5,2156.47
2014/5/6,2157.328
2014/5/7,2137.316
2014/5/8,2135.496
2014/5/9,2133.911
2014/5/12,2180.054
2014/5/13,2174.852
2014/5/14,2172.372
2014/5/15,2144.084
2014/5/16,2145.952
2014/5/19,2115.143
2014/5/20,2115.771
2014/5/21,2135.905
2014/5/22,2130.868
2014/5/23,2148.414
2014/5/26,2155.976
2014/5/27,2147.28
2014/5/28,2169.352
2014/5/29,2155.164
2014/5/30,2156.464
2014/6/3,2149.918
2014/6/4,2128.274
2014/6/5,2150.602
2014/6/6,2134.716
2014/6/9,2134.281
2014/6/10,2161.268
2014/6/11,2160.766
2014/6/12,2153.41
2014/6/13,2176.242
2014/6/16,2191.855
2014/6/17,2169.674
2014/6/18,2160.239
2014/6/19,2126.907
2014/6/20,2136.729
2014/6/23,2134.11
2014/6/24,2144.821
2014/6/25,2133.371
2014/6/26,2149.076
2014/6/27,2150.258
2014/6/30,2165.118
2014/7/1,2164.559
2014/7/2,2170.867
2014/7/3,2180.192
2014/7/4,2178.695
2014/7/7,2176.289
2014/7/8,2180.473
2014/7/9,2148.71
2014/7/10,2142.847
2014/7/11,2148.009
2014/7/14,2171.758
2014/7/15,2174.976
2014/7/16,2170.868
2014/7/17,2157.068
2014/7/18,2164.144
2014/7/21,2166.295
2014/7/22,2192.698
2014/7/23,2197.833
2014/7/24,2237.015
2014/7/25,2260.454
2014/7/28,2323.897
2014/7/29,2331.369
2014/7/30,2322.011
2014/7/31,2350.251
2014/8/1,2329.402
2014/8/4,2375.62
2014/8/5,2369.353
2014/8/6,2363.221
2014/8/7,2327.457
2014/8/8,2331.134
2014/8/11,2365.349
2014/8/12,2357.052
2014/8/13,2358.901
2014/8/14,2335.945
2014/8/15,2360.635
2014/8/18,2374.562
2014/8/19,2374.768
2014/8/20,2366.14
2014/8/21,2354.244
2014/8/22,2365.364
2014/8/25,2342.863
2014/8/26,2324.092
2014/8/27,2327.595
2014/8/28,2311.278
2014/8/29,2338.287
2014/9/1,2355.317
2014/9/2,2386.46
2014/9/3,2408.838
2014/9/4,2426.224
2014/9/5,2449.259
2014/9/9,2445.224
2014/9/10,2432.433
2014/9/11,2423.454
2014/9/12,2438.358
2014/9/15,2437.189
2014/9/16,2388.765
2014/9/17,2401.326
2014/9/18,2408.664
2014/9/19,2425.211
2014/9/22,2378.92
2014/9/23,2399.462
2014/9/24,2441.864
2014/9/25,2436.965
2014/9/26,2437.201
2014/9/29,2447.799
2014/9/30,2450.988
2014/10/8,2478.383
2014/10/9,2481.955
2014/10/10,2466.789
2014/10/13,2454.946
2014/10/14,2446.562
2014/10/15,2463.874
2014/10/16,2444.395
2014/10/17,2441.732
2014/10/20,2454.711
2014/10/21,2433.391
2014/10/22,2418.641
2014/10/23,2395.936
2014/10/24,2390.706
2014/10/27,2368.832
2014/10/28,2416.653
2014/10/29,2451.384
2014/10/30,2468.925
2014/10/31,2508.325
2014/11/3,2512.548
2014/11/4,2513.172
2014/11/5,2503.448
2014/11/6,2506.067
2014/11/7,2502.153
2014/11/10,2565.73
2014/11/11,2558.612
2014/11/12,2594.318
2014/11/13,2579.75
2014/11/14,2581.093
2014/11/17,2567.101
2014/11/18,2541.416
2014/11/19,2537.223
2014/11/20,2537.099
2014/11/21,2583.455
2014/11/24,2649.258
2014/11/25,2685.561
2014/11/26,2723.018
2014/11/27,2754.49
2014/11/28,2808.819
2014/12/1,2819.812
2014/12/2,2923.94
2014/12/3,2967.549
2014/12/4,3104.351
2014/12/5,3124.885
2014/12/8,3252.881
2014/12/9,3106.913
2014/12/10,3221.546
2014/12/11,3183.012
2014/12/12,3193.227
2014/12/15,3217.228
2014/12/16,3303.402
2014/12/17,3360.598
2014/12/18,3345.927
2014/12/19,3383.167
2014/12/22,3394.481
2014/12/23,3324.924
2014/12/24,3230.385
2014/12/25,3335.419
2014/12/26,3445.839
2014/12/29,3455.455
2014/12/30,3457.554
2014/12/31,3533.705
2015/1/5,3641.541
2015/1/6,3641.059
2015/1/7,3643.79
2015/1/8,3559.259
2015/1/9,3546.723
2015/1/12,3513.576
2015/1/13,3514.04
2015/1/14,3502.423
2015/1/15,3604.121
2015/1/16,3635.146
2015/1/19,3355.155
2015/1/20,3396.222
2015/1/21,3548.885
2015/1/22,3567.613
2015/1/23,3571.732
2015/1/26,3607.985
2015/1/27,3574.931
2015/1/28,3525.323
2015/1/29,3481.798
2015/1/30,3434.39
2015/2/2,3353.96
2015/2/3,3437.445
2015/2/4,3401.768
2015/2/5,3366.946
2015/2/6,3312.42
2015/2/9,3345.921
2015/2/10,3406.943
2015/2/11,3434.124
2015/2/12,3442.874
2015/2/13,3469.828
2015/2/16,3499.483
2015/2/17,3522.322
2015/2/25,3478.729
2015/2/26,3566.295
2015/2/27,3572.843
2015/3/2,3601.265
2015/3/3,3507.9
2015/3/4,3530.822
2015/3/5,3496.344
2015/3/6,3478.52
2015/3/9,3537.75
2015/3/10,3520.611
2015/3/11,3524.653
2015/3/12,3592.844
2015/3/13,3617.657
2015/3/16,3705.671
2015/3/17,3757.122
2015/3/18,3846.055
2015/3/19,3839.739
2015/3/20,3892.574
2015/3/23,3972.061
2015/3/24,3973.046
2015/3/25,3940.412
2015/3/26,3949.999
2015/3/27,3971.697
2015/3/30,4088.178
2015/3/31,4051.204
2015/4/1,4123.895
2015/4/2,4124.776
2015/4/3,4170.538
2015/4/7,4260.044
2015/4/8,4295.803
2015/4/9,4262.138
2015/4/10,4344.416
2015/4/13,4421.073
2015/4/14,4438.184
2015/4/15,4380.513
2015/4/16,4513.546
2015/4/17,4596.136
2015/4/20,4521.919
2015/4/21,4619.164
2015/4/22,4739.814
2015/4/23,4740.892
2015/4/24,4702.641
2015/4/27,4807.592
2015/4/28,4741.861
2015/4/29,4774.326
2015/4/30,4749.886
2015/5/4,4787.741
2015/5/5,4596.837
2015/5/6,4553.327
2015/5/7,4470.089
2015/5/8,4558.404
2015/5/11,4690.532
2015/5/12,4747.421
2015/5/13,4718.436
2015/5/14,4700.778
2015/5/15,4617.47
2015/5/18,4575.14
2015/5/19,4731.222
2015/5/20,4754.919
2015/5/21,4840.976
2015/5/22,4951.335
2015/5/25,5099.495
2015/5/26,5198.918
2015/5/27,5181.434
2015/5/28,4834.007
2015/5/29,4840.829
2015/6/1,5076.179
2015/6/2,5161.87
2015/6/3,5143.59
2015/6/4,5181.416
2015/6/5,5230.552
2015/6/8,5353.751
2015/6/9,5317.461
2015/6/10,5309.112
2015/6/11,5306.59
2015/6/12,5335.115
2015/6/15,5221.167
2015/6/16,5064.821
2015/6/17,5138.831
2015/6/18,4930.549
2015/6/19,4637.052
2015/6/23,4786.091
2015/6/24,4880.126
2015/6/25,4706.516
2015/6/26,4336.195
2015/6/29,4191.549
2015/6/30,4472.998
2015/7/1,4253.021
2015/7/2,4107.996
2015/7/3,3885.917
2015/7/6,3998.537
2015/7/7,3928.003
2015/7/8,3663.038
2015/7/9,3897.626
2015/7/10,4106.556
2015/7/13,4211.812
2015/7/14,4112.149
2015/7/15,3966.759
2015/7/16,3997.356
2015/7/17,4151.496
2015/7/20,4160.612
2015/7/21,4166.006
2015/7/22,4157.16
2015/7/23,4250.805
2015/7/24,4176.279
2015/7/27,3818.731
2015/7/28,3811.093
2015/7/29,3930.379
2015/7/30,3815.412
2015/7/31,3816.699
2015/8/3,3829.235
2015/8/4,3948.155
2015/8/5,3866.9
2015/8/6,3831.852
2015/8/7,3906.945
2015/8/10,4084.365
2015/8/11,4066.669
2015/8/12,4016.126
2015/8/13,4075.463
2015/8/14,4073.54
2015/8/17,4077.872
2015/8/18,3825.412
2015/8/19,3886.136
2015/8/20,3761.454
2015/8/21,3589.536
2015/8/24,3275.534
2015/8/25,3042.927
2015/8/26,3025.692
2015/8/27,3205.638
2015/8/28,3342.286
2015/8/31,3366.536
2015/9/1,3362.083
2015/9/2,3365.832
2015/9/7,3250.485
2015/9/8,3334.023
2015/9/9,3399.305
2015/9/10,3357.561
2015/9/11,3347.188
2015/9/14,3281.132
2015/9/15,3152.232
2015/9/16,3309.248
2015/9/17,3236.999
2015/9/18,3251.273
2015/9/21,3308.247
2015/9/22,3339.03
2015/9/23,3263.028
2015/9/24,3284.999
2015/9/25,3231.951
2015/9/28,3242.752
2015/9/29,3178.854
2015/9/30,3202.948
2015/10/8,3296.482
2015/10/9,3340.116
2015/10/12,3447.693
2015/10/13,3445.043
2015/10/14,3406.112
2015/10/15,3486.815
2015/10/16,3534.065
2015/10/19,3534.182
2015/10/20,3577.703
2015/10/21,3473.254
2015/10/22,3524.534
2015/10/23,3571.241
2015/10/26,3589.261
2015/10/27,3592.879
2015/10/28,3524.92
2015/10/29,3533.307
2015/10/30,3534.079
2015/11/2,3475.962
2015/11/3,3465.493
2015/11/4,3628.538
2015/11/5,3705.97
2015/11/6,3793.374
2015/11/9,3840.355
2015/11/10,3833.238
2015/11/11,3833.646
2015/11/12,3795.324
2015/11/13,3746.242
2015/11/16,3764.126
2015/11/17,3758.387
2015/11/18,3715.58
2015/11/19,3774.969
2015/11/20,3774.383
2015/11/23,3753.335
2015/11/24,3753.889
2015/11/25,3781.607
2015/11/26,3759.429
2015/11/27,3556.992
2015/11/30,3566.412
2015/12/1,3591.696
2015/12/2,3721.955
2015/12/3,3749.299
2015/12/4,3677.592
2015/12/7,3687.607
2015/12/8,3623.02
2015/12/9,3635.938
2015/12/10,3623.084
2015/12/11,3608.059
2015/12/14,3711.322
2015/12/15,3694.389
2015/12/16,3685.44
2015/12/17,3755.888
2015/12/18,3767.913
2015/12/21,3865.965
2015/12/22,3876.733
2015/12/23,3866.381
2015/12/24,3829.402
2015/12/25,3838.201
2015/12/28,3727.632
2015/12/29,3761.875
2015/12/30,3765.175
2015/12/31,3731.005
2016/1/4,3469.066
2016/1/5,3478.78
2016/1/6,3539.808
2016/1/7,3294.384
2016/1/8,3361.563
2016/1/11,3192.45
2016/1/12,3215.71
2016/1/13,3155.879
2016/1/14,3221.571
2016/1/15,3118.73
2016/1/18,3130.729
2016/1/19,3223.125
2016/1/20,3174.378
2016/1/21,3081.345
2016/1/22,3113.463
2016/1/25,3128.886
2016/1/26,2940.509
2016/1/27,2930.352
2016/1/28,2853.756
2016/1/29,2946.09
2016/2/1,2901.048
2016/2/2,2961.334
2016/2/3,2948.639
2016/2/4,2984.76
2016/2/5,2963.789
2016/2/15,2946.707
2016/2/16,3037.035
2016/2/17,3063.32
2016/2/18,3053.699
2016/2/19,3051.585
2016/2/22,3118.868
2016/2/23,3089.363
2016/2/24,3109.545
2016/2/25,2918.75
2016/2/26,2948.031
2016/2/29,2877.467
2016/3/1,2930.694
2016/3/2,3051.333
2016/3/3,3058.422
2016/3/4,3093.89
2016/3/7,3104.84
2016/3/8,3107.673
2016/3/9,3071.907
2016/3/10,3013.146
2016/3/11,3018.284
2016/3/14,3065.69
2016/3/15,3074.78
2016/3/16,3090.033
2016/3/17,3124.204
2016/3/18,3171.963
2016/3/21,3249.437
2016/3/22,3225.79
2016/3/23,3236.092
2016/3/24,3181.851
2016/3/25,3197.817
2016/3/28,3169.728
2016/3/29,3135.41
2016/3/30,3216.275
2016/3/31,3218.088
2016/4/1,3221.895
2016/4/5,3264.486
2016/4/6,3257.528
2016/4/7,3209.29
2016/4/8,3185.726
2016/4/11,3230.096
2016/4/12,3218.45
2016/4/13,3261.383
2016/4/14,3275.832
2016/4/15,3272.205
2016/4/18,3228.453
2016/4/19,3238.303
2016/4/20,3181.026
2016/4/21,3160.603
2016/4/22,3174.901
2016/4/25,3162.033
2016/4/26,3179.161
2016/4/27,3165.916
2016/4/28,3160.581
2016/4/29,3156.745
2016/5/3,3213.54
2016/5/4,3209.461
2016/5/5,3213.92
2016/5/6,3130.354
2016/5/9,3065.615
2016/5/10,3069.112
2016/5/11,3082.808
2016/5/12,3090.137
2016/5/13,3074.935
2016/5/16,3095.308
2016/5/17,3086.024
2016/5/18,3068.035
2016/5/19,3062.5
2016/5/20,3078.218
2016/5/23,3087.222
2016/5/24,3063.555
2016/5/25,3059.225
2016/5/26,3064.211
2016/5/27,3062.499
2016/5/30,3066.709
2016/5/31,3169.559
2016/6/1,3160.547
2016/6/2,3167.099
2016/6/3,3189.325
2016/6/6,3178.788
2016/6/7,3177.053
2016/6/8,3163.986
2016/6/13,3066.341
2016/6/14,3075.983
2016/6/15,3116.368
2016/6/16,3094.674
2016/6/17,3110.357
2016/6/20,3112.674
2016/6/21,3106.317
2016/6/22,3133.961
2016/6/23,3117.316
2016/6/24,3077.155
2016/6/27,3120.544
2016/6/28,3136.401
2016/6/29,3151.389
2016/6/30,3153.921
2016/7/1,3154.2
2016/7/4,3204.696
2016/7/5,3207.382
2016/7/6,3216.803
2016/7/7,3209.954
2016/7/8,3192.28
2016/7/11,3203.329
2016/7/12,3273.182
2016/7/13,3282.868
2016/7/14,3276.763
2016/7/15,3276.277
2016/7/18,3262.022
2016/7/19,3248.234
2016/7/20,3237.605
2016/7/21,3252.522
2016/7/22,3225.162
2016/7/25,3230.885
2016/7/26,3269.588
2016/7/27,3218.243
2016/7/28,3221.136
2016/7/29,3203.93
2016/8/1,3176.809
2016/8/2,3189.052
2016/8/3,3193.507
2016/8/4,3201.288
2016/8/5,3205.11
2016/8/8,3234.183
2016/8/9,3256.981
2016/8/10,3243.34
2016/8/11,3233.36
2016/8/12,3294.233
2016/8/15,3393.423
2016/8/16,3378.245
2016/8/17,3373.047
2016/8/18,3364.485
2016/8/19,3365.019
2016/8/22,3336.794
2016/8/23,3341.829
2016/8/24,3329.863
2016/8/25,3308.972
2016/8/26,3307.09
2016/8/29,3307.781
2016/8/30,3311.987
2016/8/31,3327.793
2016/9/1,3301.576
2016/9/2,3314.114
2016/9/5,3319.68
2016/9/6,3342.625
2016/9/7,3340.817
2016/9/8,3339.564
2016/9/9,3318.044
2016/9/12,3262.604
2016/9/13,3260.333
2016/9/14,3238.729
2016/9/19,3263.124
2016/9/20,3257.403
2016/9/21,3266.636
2016/9/22,3291.121
2016/9/23,3275.666
2016/9/26,3220.283
2016/9/27,3240.754
2016/9/28,3230.89
2016/9/29,3244.387
2016/9/30,3253.284
2016/10/10,3293.868
2016/10/11,3306.557
2016/10/12,3300.009
2016/10/13,3302.645
2016/10/14,3305.848
2016/10/17,3277.878
2016/10/18,3321.332
2016/10/19,3316.24
2016/10/20,3318.604
2016/10/21,3327.74
2016/10/24,3367.577
2016/10/25,3367.454
2016/10/26,3354.8
2016/10/27,3345.695
2016/10/28,3340.1262
2016/10/31,3336.2778
2016/11/1,3359.0516
2016/11/2,3333.3524
2016/11/3,3365.0848
2016/11/4,3354.1748
2016/11/7,3356.5916
2016/11/8,3371.1176
2016/11/9,3353.0548
2016/11/10,3390.6119
2016/11/11,3417.2211
2016/11/14,3430.2482
2016/11/15,3429.8697
2016/11/16,3429.5921
2016/11/17,3436.535
2016/11/18,3417.4554
2016/11/21,3441.1106
2016/11/22,3468.3637
2016/11/23,3474.7289
2016/11/24,3488.7402
2016/11/25,3521.2984
2016/11/28,3535.0807
2016/11/29,3564.0404
2016/11/30,3538.001
2016/12/1,3565.036
2016/12/2,3528.9547
2016/12/5,3469.4073
2016/12/6,3459.1533
2016/12/7,3475.7473
2016/12/8,3470.1426
2016/12/9,3493.7004
2016/12/12,3409.1794
2016/12/13,3405.0355
2016/12/14,3378.9453
2016/12/15,3340.4338
2016/12/16,3346.0305
2016/12/19,3328.9827
2016/12/20,3309.0641
2016/12/21,3338.536
2016/12/22,3335.672
2016/12/23,3307.5991
2016/12/26,3322.4006
2016/12/27,3316.3852
2016/12/28,3301.8887
2016/12/29,3297.7648
2016/12/30,3310.0808
2017/1/3,3342.2272
2017/1/4,3368.3117
2017/1/5,3367.7892
2017/1/6,3347.6665
2017/1/9,3363.9014
2017/1/10,3358.2716
2017/1/11,3334.4954
2017/1/12,3317.6241
2017/1/13,3319.9122
2017/1/16,3319.4455
2017/1/17,3326.3563
2017/1/18,3339.3653
2017/1/19,3329.2891
2017/1/20,3354.8891
2017/1/23,3364.0808
2017/1/24,3364.4509
2017/1/25,3375.9042
2017/1/26,3387.9606
2017/2/3,3364.4923
2017/2/6,3373.2051
2017/2/7,3365.6849
2017/2/8,3383.2878
2017/2/9,3396.2924
2017/2/10,3413.4868
2017/2/13,3436.275
2017/2/14,3435.8042
2017/2/15,3421.7131
2017/2/16,3440.9331
2017/2/17,3421.4419
2017/2/20,3471.3926
2017/2/21,3482.823
2017/2/22,3489.7567
2017/2/23,3473.3236
2017/2/24,3473.8517
2017/2/27,3446.2228
2017/2/28,3452.8103
2017/3/1,3458.4376
2017/3/2,3435.0963
2017/3/3,3427.8628
2017/3/6,3446.484
2017/3/7,3453.9565
2017/3/8,3448.7313
2017/3/9,3426.9438
2017/3/10,3427.8916
2017/3/13,3458.098
2017/3/14,3456.6934
2017/3/15,3463.6436
2017/3/16,3481.5066
2017/3/17,3445.8051
2017/3/20,3449.6126
2017/3/21,3466.3468
2017/3/22,3450.0502
2017/3/23,3461.9782
2017/3/24,3489.5997
2017/3/27,3478.0385
2017/3/28,3469.8093
2017/3/29,3465.1933
2017/3/30,3436.758
2017/3/31,3456.0455
2017/4/5,3503.8932
2017/4/6,3514.0469
2017/4/7,3517.4634
2017/4/10,3505.1392
2017/4/11,3517.328
2017/4/12,3509.4387
2017/4/13,3514.5662
2017/4/14,3486.5045
2017/4/17,3479.9417
2017/4/18,3462.7429
2017/4/19,3445.8761
2017/4/20,3461.5481
2017/4/21,3466.7865
2017/4/24,3431.2587
2017/4/25,3440.9743
2017/4/26,3445.1832
2017/4/27,3446.7202
2017/4/28,3439.753
2017/5/2,3426.5766
2017/5/3,3413.1282
2017/5/4,3404.3864
2017/5/5,3382.5502
2017/5/8,3358.8125
2017/5/9,3352.5324
2017/5/10,3337.7007
2017/5/11,3356.6459
2017/5/12,3385.3787
2017/5/15,3399.1937
2017/5/16,3428.6491
2017/5/17,3409.9656
2017/5/18,3398.1127
2017/5/19,3403.8492
2017/5/22,3411.2387
2017/5/23,3424.194
2017/5/24,3424.1669
2017/5/25,3485.6581
2017/5/26,3480.4345
2017/5/31,3492.8845
2017/6/1,3497.7382
2017/6/2,3486.5074
2017/6/5,3468.7538
2017/6/6,3492.8816
2017/6/7,3533.8718
2017/6/8,3560.9786
2017/6/9,3576.1703
2017/6/12,3574.3894
2017/6/13,3582.2674
2017/6/14,3535.2987
2017/6/15,3528.7926
2017/6/16,3518.7611
2017/6/19,3553.6653
2017/6/20,3546.494
2017/6/21,3587.955
2017/6/22,3590.3425
2017/6/23,3622.8831
2017/6/26,3668.0919
2017/6/27,3674.7152
2017/6/28,3646.1666
2017/6/29,3668.8279
2017/6/30,3666.7977
2017/7/3,3650.8463
2017/7/4,3619.9841
2017/7/5,3659.6795
2017/7/6,3660.0967
2017/7/7,3655.9293
2017/7/10,3653.6868
2017/7/11,3670.8086
2017/7/12,3658.8236
2017/7/13,3686.9205
2017/7/14,3703.094
2017/7/17,3663.5575
2017/7/18,3667.1807
2017/7/19,3729.7466
2017/7/20,3747.8843
2017/7/21,3728.5976
2017/7/24,3743.4686
2017/7/25,3719.559
2017/7/26,3705.3884
2017/7/27,3712.1947
2017/7/28,3721.8914
2017/7/31,3737.8732
2017/8/1,3770.3828
2017/8/2,3760.8525
2017/8/3,3727.8264
2017/8/4,3707.5796
2017/8/7,3726.7948
2017/8/8,3732.2129
2017/8/9,3731.044
2017/8/10,3715.9208
2017/8/11,3647.3503
2017/8/14,3694.6831
2017/8/15,3706.0566
2017/8/16,3701.4207
2017/8/17,3721.277
2017/8/18,3724.6748
2017/8/21,3740.9941
2017/8/22,3752.298
2017/8/23,3756.0884
2017/8/24,3734.6458
2017/8/25,3795.7544
2017/8/28,3842.7119
2017/8/29,3834.5376
2017/8/30,3834.3005
2017/8/31,3822.0928
2017/9/1,3830.5383
2017/9/4,3845.6163
2017/9/5,3857.0464
2017/9/6,3849.4499
2017/9/7,3829.8713
2017/9/8,3825.9895
2017/9/11,3825.6453
2017/9/12,3837.9341
2017/9/13,3842.6061
2017/9/14,3829.9554
2017/9/15,3831.2965
2017/9/18,3843.1428
2017/9/19,3832.1161
2017/9/20,3842.4353
2017/9/21,3837.8176
2017/9/22,3837.7304
2017/9/25,3817.7915
2017/9/26,3820.7816
2017/9/27,3821.2
2017/9/28,3822.5386
2017/9/29,3836.5013
2017/10/9,3882.2076
2017/10/10,3889.8637
2017/10/11,3902.6868
2017/10/12,3912.9536
2017/10/13,3921.0017
2017/10/16,3913.4462
2017/10/17,3913.0688
2017/10/18,3944.1626
2017/10/19,3931.2495
2017/10/20,3926.852
2017/10/23,3930.7981
2017/10/24,3959.3953
2017/10/25,3976.949
2017/10/26,3993.5752
2017/10/27,4021.9676
2017/10/30,4009.7218
2017/10/31,4006.7179
2017/11/1,3996.6221
2017/11/2,3997.1343
2017/11/3,3992.6979
2017/11/6,4020.8896
2017/11/7,4054.2465
2017/11/8,4048.0057
2017/11/9,4075.8998
2017/11/10,4111.9112
2017/11/13,4128.0733
2017/11/14,4099.351
2017/11/15,4073.6696
2017/11/16,4105.0122
2017/11/17,4120.8508
2017/11/20,4143.8334
2017/11/21,4217.7015
2017/11/22,4227.5666
2017/11/23,4102.3966
2017/11/24,4104.2034
2017/11/27,4049.9475
2017/11/28,4055.8235
2017/11/29,4053.7529
2017/11/30,4006.0993
2017/12/1,3998.1365
2017/12/4,4018.8571
2017/12/5,4040.1704
2017/12/6,4015.8211
2017/12/7,3971.0569
2017/12/8,4003.3792
2017/12/11,4069.4997
2017/12/12,4016.0163
2017/12/13,4050.0927
2017/12/14,4026.1516
2017/12/15,3980.8558
2017/12/18,3985.2914
2017/12/19,4035.3294
2017/12/20,4030.4898
2017/12/21,4067.8485
2017/12/22,4054.5984
2017/12/25,4041.5401
2017/12/26,4053.6224
2017/12/27,3991.2075
2017/12/28,4018.8974
2017/12/29,4030.8549
2018/1/2,4087.4012
2018/1/3,4111.3925
2018/1/4,4128.8119
2018/1/5,4138.7505
2018/1/8,4160.1595
2018/1/9,4189.2977
2018/1/10,4207.8132
2018/1/11,4205.5863
2018/1/12,4225.001
2018/1/15,4225.2393
2018/1/16,4258.473
2018/1/17,4248.1164
2018/1/18,4271.4168
2018/1/19,4285.395
2018/1/22,4336.5974
2018/1/23,4382.6129
2018/1/24,4389.8853
2018/1/25,4365.0794
2018/1/26,4381.2996
2018/1/29,4302.0181
2018/1/30,4256.1021
2018/1/31,4275.8986
2018/2/1,4245.8978
2018/2/2,4271.2326
2018/2/5,4274.1464
2018/2/6,4148.8856
2018/2/7,4050.4972
2018/2/8,4012.0472
2018/2/9,3840.6527
2018/2/12,3890.1046
2018/2/13,3935.6324
2018/2/14,3966.9614
2018/2/22,4052.7332
2018/2/23,4071.0889
2018/2/26,4118.4186
2018/2/27,4058.9806
2018/2/28,4023.6415
2018/3/1,4049.0863
2018/3/2,4016.461
2018/3/5,4018.097
2018/3/6,4066.5647
2018/3/7,4036.6536
2018/3/8,4077.6001
2018/3/9,4108.8652
2018/3/12,4127.6662
2018/3/13,4091.2533
2018/3/14,4073.3447
2018/3/15,4096.1627
2018/3/16,4056.4226
2018/3/19,4074.2479
2018/3/20,4077.7041
2018/3/21,4061.0502
2018/3/22,4020.349
2018/3/23,3904.9355
2018/3/26,3879.893
2018/3/27,3913.2689
2018/3/28,3842.7155
2018/3/29,3894.0498
2018/3/30,3898.4977
2018/4/2,3886.9189
2018/4/3,3862.4796
2018/4/4,3854.8625
2018/4/9,3852.9292
2018/4/10,3927.1729
2018/4/11,3938.3434
2018/4/12,3898.6354
2018/4/13,3871.1443
2018/4/16,3808.863
2018/4/17,3748.6412
2018/4/18,3766.282
2018/4/19,3811.843
2018/4/20,3760.8543
2018/4/23,3766.3257
2018/4/24,3843.4886
2018/4/25,3828.7015
2018/4/26,3755.4941
2018/4/27,3756.8765
2018/5/2,3763.6461
2018/5/3,3793.0001
2018/5/4,3774.5981
2018/5/7,3834.1877
2018/5/8,3878.6767
2018/5/9,3871.6152
2018/5/10,3893.0565
2018/5/11,3872.8383
2018/5/14,3909.2933
2018/5/15,3924.0975
2018/5/16,3892.8442
2018/5/17,3864.0507
2018/5/18,3903.0637
2018/5/21,3921.2421
2018/5/22,3906.2081
2018/5/23,3854.5825
2018/5/24,3827.217
2018/5/25,3816.498
2018/5/28,3833.2599
2018/5/29,3804.0093
2018/5/30,3723.3724
2018/5/31,3802.3759
2018/6/1,3770.5891
2018/6/4,3807.5781
2018/6/5,3845.3164
2018/6/6,3837.3511
2018/6/7,3831.0128
2018/6/8,3779.6159
2018/6/11,3779.9818
2018/6/12,3825.9534
2018/6/13,3788.3391
2018/6/14,3773.3655
2018/6/15,3753.4338
2018/6/19,3621.1166
2018/6/20,3635.4436
2018/6/21,3592.965
2018/6/22,3608.9046
2018/6/25,3560.4777
2018/6/26,3531.1112
2018/6/27,3459.2621
2018/6/28,3423.5255
2018/6/29,3510.9845
2018/7/2,3407.9638
2018/7/3,3409.2801
2018/7/4,3363.7473
2018/7/5,3342.4379
2018/7/6,3365.1227
2018/7/9,3459.1837
2018/7/10,3467.5155
2018/7/11,3407.5297
2018/7/12,3481.0559
2018/7/13,3492.6897
2018/7/16,3472.0859
2018/7/17,3449.3773
2018/7/18,3431.3227
2018/7/19,3428.343
2018/7/20,3492.8938
2018/7/23,3525.7503
2018/7/24,3581.7057
2018/7/25,3577.7522
2018/7/26,3536.2456
2018/7/27,3521.2269
2018/7/30,3515.0794
2018/7/31,3517.6568
2018/8/1,3447.3882
2018/8/2,3370.9579
2018/8/3,3315.2839
2018/8/6,3273.2728
2018/8/7,3368.8695
2018/8/8,3314.5075
2018/8/9,3397.5298
2018/8/10,3405.0191
2018/8/13,3390.3441
2018/8/14,3372.9137
2018/8/15,3291.976
2018/8/16,3276.7276
2018/8/17,3229.6198
2018/8/20,3267.2498
2018/8/21,3326.6489
2018/8/22,3307.9545
2018/8/23,3320.0257
2018/8/24,3325.3347
2018/8/27,3406.5735
2018/8/28,3400.1705
2018/8/29,3386.5736
2018/8/30,3351.0942
2018/8/31,3334.5036
2018/9/3,3321.8248
2018/9/4,3363.8984
2018/9/5,3298.1412
2018/9/6,3262.8808
2018/9/7,3277.6438
2018/9/10,3230.0681
2018/9/11,3224.2116
2018/9/12,3202.0248
2018/9/13,3236.5662
2018/9/14,3242.0902
2018/9/17,3204.9224
2018/9/18,3269.4319
2018/9/19,3312.4823
2018/9/20,3310.1258
2018/9/21,3410.4856
2018/9/25,3379.8043
2018/9/26,3417.2413
2018/9/27,3403.5902
2018/9/28,3438.8649
2018/10/8,3290.8988
2018/10/9,3288.6906
2018/10/10,3281.5978
2018/10/11,3124.1139
2018/10/12,3170.7262
2018/10/15,3126.4516
2018/10/16,3100.9738
2018/10/17,3118.2463
2018/10/18,3044.3918
2018/10/19,3134.9455
2018/10/22,3270.2732
2018/10/23,3183.4257
2018/10/24,3188.2018
2018/10/25,3194.3084
2018/10/26,3173.635
2018/10/29,3076.8889
2018/10/30,3110.2605
2018/10/31,3153.8234
2018/11/1,3177.0338
2018/11/2,3290.2455
2018/11/5,3262.8351
2018/11/6,3243.1504
2018/11/7,3221.9101
2018/11/8,3212.7737
2018/11/9,3167.4442
2018/11/12,3205.1407
2018/11/13,3237.3823
2018/11/14,3204.9427
2018/11/15,3242.3715
2018/11/16,3257.6735
2018/11/19,3294.6031
2018/11/20,3218.4076
2018/11/21,3226.4918
2018/11/22,3214.4273
2018/11/23,3143.4752
2018/11/26,3141.2434
2018/11/27,3137.2413
2018/11/28,3178.9326
2018/11/29,3137.6542
2018/11/30,3172.69
2018/12/3,3260.9502
2018/12/4,3267.7095
2018/12/5,3252.0041
2018/12/6,3181.673
2018/12/7,3181.5646
2018/12/10,3144.7631
2018/12/11,3159.8158
2018/12/12,3170.6092
2018/12/13,3219.6924
2018/12/14,3165.9109
2018/12/17,3161.1966
2018/12/18,3128.4265
2018/12/19,3091.1255
2018/12/20,3067.4169
2018/12/21,3029.3951
2018/12/24,3038.1981
2018/12/25,3017.2815
2018/12/26,3002.0327
2018/12/27,2990.5057
2018/12/28,3010.6536
2019/1/2,2969.5353
2019/1/3,2964.8421
2019/1/4,3035.8741
2019/1/7,3054.303
2019/1/8,3047.7035
2019/1/9,3078.4759
2019/1/10,3072.6864
2019/1/11,3094.7782
2019/1/14,3067.7845
2019/1/15,3127.9904
2019/1/16,3128.6517
2019/1/17,3111.4168
2019/1/18,3168.1739
2019/1/21,3185.6364
2019/1/22,3143.3171
2019/1/23,3141.0532
2019/1/24,3158.7817
2019/1/25,3184.4696
2019/1/28,3183.7777
2019/1/29,3193.9698
2019/1/30,3168.4829
2019/1/31,3201.6331
2019/2/1,3247.3971
2019/2/11,3306.4725
2019/2/12,3330.3353
2019/2/13,3397.0276
2019/2/14,3402.1403
2019/2/15,3338.7047
2019/2/18,3445.7448
2019/2/19,3439.6078
2019/2/20,3451.9273
2019/2/21,3442.7056
2019/2/22,3520.1182
2019/2/25,3729.4831
2019/2/26,3684.6935
2019/2/27,3678.3921
2019/2/28,3669.3703
2019/3/1,3749.7143
2019/3/4,3794.104
2019/3/5,3816.0132
2019/3/6,3848.0903
2019/3/7,3808.8497
2019/3/8,3657.579
2019/3/11,3729.9546
2019/3/12,3755.3519
2019/3/13,3724.1941
2019/3/14,3698.4858
2019/3/15,3745.005
2019/3/18,3851.7479
2019/3/19,3833.9626
2019/3/20,3835.4397
2019/3/21,3836.8913
2019/3/22,3833.8013
2019/3/25,3742.8252
2019/3/26,3700.4388
2019/3/27,3743.3878
2019/3/28,3728.3953
2019/3/29,3872.3412
2019/4/1,3973.928
2019/4/2,3971.2852
2019/4/3,4022.1566
2019/4/4,4062.2309
2019/4/8,4057.2286
